maps_played,rounds_played,kd_difference,kd_ratio,rating,total_kills,headshot_percentage,total_deaths,grenade_damage_per_round,kills_per_round,assists_per_round,deaths_per_round,teammate_saved_per_round,saved_by_teammate_per_round,kast,impact,efficiency
970,25491,5917,1.38,1.27,21602,41.3,15685,3.6,0.85,0.13,0.62,0.1,0.12,74.9,1.45,1.3709677419354838
1532,40464,8864,1.34,1.25,34647,41.3,25783,2.4,0.86,0.1,0.64,0.08,0.11,74.2,1.36,1.34375
847,22465,5361,1.45,1.23,17320,27.9,11959,3.9,0.77,0.11,0.53,0.08,0.11,76.3,1.21,1.4528301886792452
378,10219,2225,1.37,1.22,8219,36.9,5994,3.3,0.8,0.1,0.59,0.09,0.11,74.5,1.21,1.3559322033898307
829,21617,4118,1.32,1.2,16957,30.3,12839,2.9,0.78,0.11,0.59,0.08,0.1,73.7,1.24,1.3220338983050848
661,17582,3226,1.3,1.19,13820,34.8,10594,3.0,0.79,0.09,0.6,0.07,0.1,72.6,1.26,1.3166666666666669
860,22747,3775,1.27,1.18,17883,27.7,14108,2.4,0.79,0.1,0.62,0.08,0.1,71.6,1.27,1.2741935483870968
844,21625,3970,1.31,1.17,16815,31.5,12845,4.0,0.78,0.1,0.59,0.08,0.11,73.4,1.19,1.3220338983050848
1725,45404,6135,1.2,1.17,36911,53.3,30755,4.5,0.81,0.15,0.68,0.1,0.1,72.3,1.34,1.1911764705882353
428,11450,1822,1.26,1.17,8946,29.2,7124,2.5,0.78,0.09,0.62,0.09,0.11,71.3,1.22,1.2580645161290323
374,9935,1597,1.25,1.16,7867,39.7,6270,2.2,0.79,0.1,0.63,0.09,0.1,73.8,1.25,1.253968253968254
1793,46666,7208,1.25,1.16,36293,35.0,29085,4.3,0.78,0.13,0.62,0.07,0.08,71.2,1.28,1.2580645161290323
427,11298,2090,1.33,1.16,8421,31.4,6331,2.6,0.75,0.08,0.56,0.07,0.09,73.2,1.17,1.3392857142857142
1596,42408,5428,1.19,1.16,33800,50.5,28372,4.3,0.8,0.13,0.67,0.08,0.1,71.0,1.3,1.1940298507462686
1016,26493,3841,1.23,1.15,20329,39.8,16488,5.1,0.77,0.14,0.62,0.1,0.12,74.7,1.15,1.2419354838709677
1410,36822,5672,1.25,1.15,28326,49.4,22654,2.4,0.77,0.11,0.62,0.08,0.1,73.5,1.09,1.2419354838709677
694,17953,2392,1.2,1.15,14100,52.3,11708,2.7,0.79,0.12,0.65,0.09,0.1,73.3,1.23,1.2153846153846155
888,22524,3782,1.29,1.15,16985,35.2,13203,7.0,0.75,0.14,0.59,0.09,0.1,74.1,1.18,1.2711864406779663
834,22326,3429,1.25,1.15,16962,39.2,13533,7.0,0.76,0.14,0.61,0.07,0.09,74.0,1.21,1.2459016393442623
890,23120,3730,1.28,1.15,17117,49.6,13387,5.4,0.74,0.13,0.58,0.08,0.1,75.2,1.09,1.2758620689655173
603,15560,2046,1.2,1.14,12164,46.7,10118,4.2,0.78,0.14,0.65,0.07,0.1,71.7,1.25,1.2
1154,30609,5191,1.31,1.14,22028,25.2,16837,3.9,0.72,0.09,0.55,0.07,0.09,73.8,1.12,1.3090909090909089
1054,27629,3258,1.18,1.14,21580,40.8,18322,1.8,0.78,0.11,0.66,0.09,0.1,70.7,1.27,1.1818181818181819
625,15713,1750,1.16,1.13,12510,40.3,10760,3.6,0.8,0.18,0.68,0.1,0.13,73.3,1.29,1.1764705882352942
458,12268,1592,1.2,1.13,9397,28.4,7805,3.9,0.77,0.12,0.64,0.1,0.11,70.8,1.22,1.203125
1262,33663,4681,1.23,1.13,25346,27.2,20665,2.7,0.75,0.11,0.61,0.07,0.08,70.6,1.22,1.2295081967213115
1458,38450,4848,1.2,1.13,29326,30.5,24478,3.4,0.76,0.1,0.64,0.07,0.08,70.4,1.21,1.1875
1852,48898,6331,1.21,1.13,37067,31.2,30736,3.4,0.76,0.11,0.63,0.09,0.11,70.7,1.12,1.2063492063492063
1168,30540,3450,1.17,1.13,23231,54.8,19781,5.0,0.76,0.13,0.65,0.09,0.11,72.9,1.19,1.1692307692307693
1433,37829,4137,1.16,1.12,29347,49.4,25210,5.5,0.78,0.14,0.67,0.1,0.11,72.1,1.24,1.164179104477612
682,18286,2345,1.21,1.12,13659,35.8,11314,3.4,0.75,0.11,0.62,0.09,0.12,72.9,1.17,1.2096774193548387
982,25589,3107,1.19,1.12,19381,44.4,16274,4.9,0.76,0.15,0.64,0.09,0.11,73.3,1.16,1.1875
859,22286,2504,1.17,1.12,17206,50.2,14702,5.0,0.77,0.15,0.66,0.09,0.09,72.2,1.2,1.1666666666666667
742,18909,2151,1.18,1.12,14338,49.3,12187,2.9,0.76,0.13,0.64,0.09,0.11,72.9,1.15,1.1875
932,23654,2654,1.17,1.12,17975,42.4,15321,8.5,0.76,0.17,0.65,0.1,0.09,72.3,1.26,1.1692307692307693
559,14429,1455,1.15,1.12,11255,32.0,9800,4.1,0.78,0.13,0.68,0.1,0.09,69.5,1.39,1.1470588235294117
533,14130,1485,1.16,1.12,10883,47.0,9398,3.1,0.77,0.13,0.67,0.09,0.1,71.7,1.25,1.1492537313432836
1131,29650,3684,1.2,1.12,21900,32.3,18203,2.4,0.74,0.11,0.61,0.08,0.1,71.4,1.17,1.2131147540983607
458,12159,1550,1.2,1.12,9317,27.7,7766,2.6,0.77,0.1,0.64,0.07,0.09,71.4,1.22,1.203125
1090,28804,3640,1.21,1.12,21373,51.7,17733,2.4,0.74,0.11,0.62,0.07,0.09,72.5,1.1,1.1935483870967742
1233,32271,4176,1.21,1.12,24015,49.7,19839,3.2,0.74,0.12,0.61,0.08,0.11,73.3,1.06,1.2131147540983607
827,21606,2406,1.17,1.12,16548,32.7,14142,2.1,0.77,0.1,0.65,0.08,0.09,70.1,1.22,1.1846153846153846
503,13449,1408,1.16,1.12,10302,31.8,8894,2.8,0.77,0.1,0.66,0.08,0.09,69.8,1.28,1.1666666666666667
525,13568,1239,1.13,1.12,10634,50.1,9395,3.5,0.78,0.14,0.69,0.11,0.14,72.2,1.21,1.1304347826086958
1219,32700,4556,1.24,1.11,23591,24.9,19035,2.2,0.72,0.08,0.58,0.07,0.08,71.3,1.2,1.2413793103448276
1067,27680,3361,1.19,1.11,20626,31.8,17265,2.9,0.75,0.11,0.62,0.11,0.12,73.2,1.14,1.2096774193548387
476,12393,1408,1.18,1.11,9304,36.1,7896,2.0,0.75,0.1,0.64,0.08,0.09,71.2,1.19,1.171875
1568,41069,4811,1.19,1.11,30375,29.6,25564,2.8,0.74,0.11,0.62,0.08,0.09,69.8,1.1,1.1935483870967742
1336,35058,3874,1.18,1.11,25698,62.3,21824,3.3,0.73,0.11,0.62,0.1,0.12,73.8,1.08,1.1774193548387097
644,17257,1550,1.13,1.11,13155,49.0,11605,8.5,0.76,0.16,0.67,0.09,0.12,71.6,1.26,1.1343283582089552
722,18651,1811,1.15,1.11,14145,38.4,12334,3.5,0.76,0.11,0.66,0.09,0.09,70.2,1.25,1.1515151515151514
403,10643,1319,1.2,1.11,7848,49.7,6529,3.5,0.74,0.12,0.61,0.09,0.12,73.9,1.08,1.2131147540983607
684,18227,2218,1.2,1.11,13326,36.9,11108,2.6,0.73,0.09,0.61,0.09,0.11,72.4,1.16,1.1967213114754098
853,22545,2631,1.19,1.11,16676,26.8,14045,3.3,0.74,0.11,0.62,0.09,0.11,71.5,1.17,1.1935483870967742
1207,32156,3616,1.18,1.11,23743,40.3,20127,3.9,0.74,0.14,0.63,0.09,0.11,73.4,1.13,1.1746031746031746
1164,30296,2781,1.14,1.1,23029,52.4,20248,2.5,0.76,0.12,0.67,0.1,0.12,71.9,1.15,1.1343283582089552
809,21112,1993,1.14,1.1,15744,50.9,13751,4.8,0.75,0.14,0.65,0.1,0.11,72.6,1.17,1.1538461538461537
401,10399,839,1.12,1.1,7931,51.3,7092,3.2,0.76,0.14,0.68,0.1,0.12,71.5,1.21,1.1176470588235294
2083,54162,5669,1.16,1.1,40884,51.9,35215,3.7,0.75,0.12,0.65,0.09,0.1,70.5,1.07,1.1538461538461537
1199,31114,3425,1.18,1.1,22812,27.9,19387,2.4,0.73,0.1,0.62,0.1,0.11,72.2,1.16,1.1774193548387097
634,16189,1565,1.15,1.1,12279,37.0,10714,2.4,0.76,0.11,0.66,0.08,0.09,70.6,1.19,1.1515151515151514
1101,29160,2855,1.15,1.1,21485,33.6,18630,3.8,0.74,0.12,0.64,0.09,0.1,70.6,1.2,1.15625
955,25333,2594,1.16,1.1,19077,32.5,16483,2.4,0.75,0.1,0.65,0.1,0.1,70.4,1.22,1.1538461538461537
449,11608,1003,1.13,1.1,8845,36.6,7842,2.9,0.76,0.11,0.68,0.08,0.09,68.7,1.29,1.1176470588235294
855,22808,2649,1.19,1.1,16778,35.3,14129,2.8,0.74,0.1,0.62,0.09,0.11,71.7,1.09,1.1935483870967742
609,15901,1648,1.17,1.1,11627,27.2,9979,2.1,0.73,0.1,0.63,0.09,0.1,70.9,1.19,1.1587301587301586
556,14447,1629,1.18,1.1,10527,49.5,8898,4.7,0.73,0.14,0.62,0.08,0.09,72.9,1.09,1.1774193548387097
555,14898,1711,1.18,1.1,10992,29.8,9281,2.3,0.74,0.09,0.62,0.07,0.08,71.0,1.12,1.1935483870967742
980,25665,2534,1.15,1.1,19402,52.2,16868,5.0,0.76,0.13,0.66,0.1,0.12,72.0,1.19,1.1515151515151514
1076,27940,3457,1.21,1.1,19719,28.6,16262,3.8,0.71,0.12,0.58,0.08,0.09,72.9,1.09,1.2241379310344829
1043,26510,2838,1.17,1.1,19355,35.1,16517,3.4,0.73,0.12,0.62,0.09,0.09,71.4,1.21,1.1774193548387097
511,13616,1525,1.18,1.1,9803,29.1,8278,3.3,0.72,0.1,0.61,0.09,0.09,71.8,1.11,1.180327868852459
920,24383,2458,1.16,1.1,17753,48.9,15295,5.1,0.73,0.14,0.63,0.09,0.1,72.4,1.15,1.1587301587301586
432,11453,1265,1.18,1.1,8417,41.3,7152,4.6,0.73,0.13,0.62,0.08,0.11,72.5,1.12,1.1774193548387097
1066,27822,2847,1.16,1.1,20404,56.9,17540,3.6,0.73,0.12,0.63,0.09,0.1,72.7,1.09,1.1587301587301586
752,19559,1975,1.16,1.1,14503,44.1,12528,2.0,0.74,0.12,0.64,0.08,0.09,71.5,1.12,1.15625
477,12731,1272,1.15,1.1,9580,37.9,8308,2.3,0.75,0.11,0.65,0.09,0.1,71.4,1.17,1.1538461538461537
698,18113,1724,1.15,1.09,13334,31.2,11610,1.9,0.74,0.1,0.64,0.1,0.1,71.1,1.14,1.15625
840,21804,1911,1.13,1.09,16275,38.1,14364,5.7,0.75,0.13,0.66,0.1,0.1,71.2,1.22,1.1363636363636362
1610,42162,4305,1.16,1.09,31240,28.6,26935,3.7,0.74,0.11,0.64,0.08,0.09,69.9,1.13,1.15625
1279,33752,3016,1.14,1.09,25165,50.5,22149,4.6,0.75,0.14,0.66,0.09,0.1,71.8,1.19,1.1363636363636362
681,18202,1822,1.16,1.09,13265,33.4,11443,2.3,0.73,0.09,0.63,0.09,0.1,70.2,1.14,1.1587301587301586
1688,44789,4493,1.16,1.09,32760,29.6,28267,2.5,0.73,0.1,0.63,0.08,0.09,70.0,1.2,1.1587301587301586
1149,30740,2490,1.12,1.09,23157,49.2,20664,3.7,0.75,0.13,0.67,0.09,0.1,72.2,1.13,1.1194029850746268
791,20779,1735,1.13,1.09,15453,49.4,13718,3.1,0.74,0.14,0.66,0.11,0.14,73.4,1.14,1.121212121212121
888,23148,2189,1.15,1.09,16836,31.8,14647,3.3,0.73,0.12,0.63,0.1,0.1,71.8,1.17,1.1587301587301586
405,10737,943,1.14,1.09,7918,56.9,6975,3.5,0.74,0.11,0.65,0.09,0.1,71.2,1.12,1.1384615384615384
1745,45030,4298,1.15,1.09,33271,49.3,28973,4.4,0.74,0.15,0.64,0.09,0.08,68.9,1.03,1.15625
940,24427,2676,1.18,1.09,17527,27.8,14851,2.4,0.72,0.1,0.61,0.08,0.1,72.0,1.13,1.180327868852459
956,24578,2061,1.13,1.09,18309,48.8,16248,5.2,0.74,0.14,0.66,0.09,0.1,71.5,1.2,1.121212121212121
752,19490,1968,1.16,1.09,14332,32.3,12364,2.2,0.74,0.09,0.63,0.09,0.1,71.3,1.13,1.1746031746031746
940,24238,2217,1.14,1.09,17758,46.6,15541,4.3,0.73,0.13,0.64,0.11,0.12,72.4,1.14,1.140625
387,10061,930,1.14,1.09,7352,41.5,6422,6.4,0.73,0.16,0.64,0.1,0.1,73.2,1.14,1.140625
1073,28305,2384,1.13,1.09,20665,46.0,18281,7.7,0.73,0.14,0.65,0.08,0.09,71.6,1.1,1.123076923076923
1656,43985,4449,1.16,1.09,31759,32.2,27310,3.7,0.72,0.1,0.62,0.08,0.1,70.8,1.11,1.161290322580645
1543,40472,3959,1.16,1.09,29440,41.8,25481,5.7,0.73,0.16,0.63,0.1,0.11,73.3,1.1,1.1587301587301586
445,11621,709,1.09,1.09,9038,60.3,8329,2.2,0.78,0.12,0.72,0.09,0.12,69.2,1.18,1.0833333333333335
625,16171,1541,1.15,1.09,11994,40.7,10453,5.5,0.74,0.14,0.65,0.1,0.11,73.4,1.08,1.1384615384615384
491,12856,1181,1.14,1.09,9797,36.3,8616,3.6,0.76,0.16,0.67,0.09,0.12,72.7,1.11,1.1343283582089552
500,13551,1240,1.14,1.09,9829,49.8,8589,5.4,0.73,0.14,0.63,0.09,0.12,73.4,1.08,1.1587301587301586
732,18819,1628,1.13,1.09,13957,43.0,12329,2.4,0.74,0.1,0.66,0.08,0.09,69.2,1.15,1.121212121212121
1430,37087,3105,1.13,1.09,27501,68.1,24396,3.3,0.74,0.12,0.66,0.1,0.11,71.1,1.11,1.121212121212121
1582,41424,3014,1.11,1.09,31338,48.9,28324,4.1,0.76,0.16,0.68,0.1,0.12,71.3,1.25,1.1176470588235294
767,19621,1331,1.1,1.09,14687,55.9,13356,4.4,0.75,0.14,0.68,0.11,0.11,71.6,1.19,1.102941176470588
1315,35117,3080,1.13,1.09,25954,54.4,22874,3.3,0.74,0.12,0.65,0.1,0.12,72.3,1.13,1.1384615384615384
1121,30168,2782,1.14,1.09,22051,31.4,19269,2.9,0.73,0.1,0.64,0.08,0.1,70.8,1.14,1.140625
575,15308,1437,1.15,1.09,11066,51.3,9629,5.3,0.72,0.15,0.63,0.1,0.11,73.0,1.13,1.1428571428571428
1074,28389,2435,1.13,1.09,21063,51.5,18628,4.7,0.74,0.15,0.66,0.1,0.12,72.2,1.04,1.121212121212121
1391,36269,2767,1.11,1.09,27300,44.9,24533,5.0,0.75,0.15,0.68,0.09,0.08,71.4,1.22,1.102941176470588
1512,40027,2502,1.09,1.09,30190,55.8,27688,2.9,0.75,0.13,0.69,0.09,0.1,69.7,1.2,1.0869565217391306
1230,32676,2826,1.13,1.09,24018,46.8,21192,4.9,0.74,0.13,0.65,0.1,0.1,72.5,1.1,1.1384615384615384
1903,49550,4374,1.14,1.09,36431,50.6,32057,3.2,0.74,0.14,0.65,0.09,0.09,71.6,1.14,1.1384615384615384
592,15492,1330,1.13,1.08,11227,39.2,9897,2.6,0.72,0.12,0.64,0.08,0.09,71.4,1.11,1.125
1244,32013,2709,1.13,1.08,23926,46.4,21217,2.3,0.75,0.14,0.66,0.11,0.12,73.2,1.12,1.1363636363636362
463,12120,1338,1.18,1.08,8596,29.3,7258,2.2,0.71,0.09,0.6,0.08,0.1,71.5,1.08,1.1833333333333333
696,17883,1848,1.17,1.08,12707,45.3,10859,4.9,0.71,0.13,0.61,0.1,0.12,74.0,1.01,1.1639344262295082
1361,35822,3210,1.14,1.08,25858,47.5,22648,5.7,0.72,0.15,0.63,0.09,0.1,72.8,1.12,1.1428571428571428
836,21434,1926,1.14,1.08,15647,37.0,13721,5.5,0.73,0.13,0.64,0.09,0.09,71.2,1.15,1.140625
421,10714,671,1.09,1.08,8143,50.0,7472,3.1,0.76,0.13,0.7,0.08,0.09,68.7,1.19,1.0857142857142859
489,12531,1204,1.15,1.08,9002,29.8,7798,2.9,0.72,0.1,0.62,0.09,0.1,70.6,1.16,1.161290322580645
412,10449,862,1.13,1.08,7633,34.7,6771,4.4,0.73,0.13,0.65,0.1,0.09,71.2,1.17,1.123076923076923
1251,32235,2836,1.14,1.08,23556,48.8,20720,5.6,0.73,0.14,0.64,0.09,0.09,72.9,1.1,1.140625
933,23765,2055,1.14,1.08,17120,50.8,15065,5.1,0.72,0.14,0.63,0.1,0.11,73.2,1.15,1.1428571428571428
594,15524,1217,1.12,1.08,11408,29.1,10191,2.8,0.73,0.09,0.66,0.08,0.08,68.0,1.21,1.106060606060606
998,25554,1601,1.09,1.08,19490,43.9,17889,3.5,0.76,0.16,0.7,0.1,0.09,70.4,1.26,1.0857142857142859
1093,28857,2660,1.15,1.08,20821,31.0,18161,2.1,0.72,0.1,0.63,0.08,0.08,70.1,1.17,1.1428571428571428
776,20425,1816,1.14,1.08,14855,48.2,13039,4.0,0.73,0.14,0.64,0.1,0.11,72.3,1.12,1.140625
426,11132,949,1.14,1.08,7962,29.3,7013,5.4,0.72,0.12,0.63,0.09,0.09,70.8,1.15,1.1428571428571428
966,25252,2058,1.13,1.08,18509,34.0,16451,2.4,0.73,0.1,0.65,0.09,0.1,70.0,1.16,1.123076923076923
525,13870,953,1.1,1.08,10382,36.3,9429,3.5,0.75,0.12,0.68,0.09,0.1,70.0,1.21,1.102941176470588
1214,32761,2768,1.13,1.08,24004,46.9,21236,4.3,0.73,0.13,0.65,0.09,0.11,72.3,1.07,1.123076923076923
834,21932,1896,1.14,1.08,15729,33.0,13833,6.3,0.72,0.12,0.63,0.09,0.1,71.5,1.12,1.1428571428571428
1732,45397,3065,1.1,1.08,33874,50.7,30809,3.8,0.75,0.13,0.68,0.09,0.1,70.5,1.15,1.102941176470588
1128,29772,2241,1.11,1.08,21859,48.9,19618,4.1,0.73,0.13,0.66,0.1,0.12,72.2,1.11,1.106060606060606
948,24829,2351,1.15,1.07,17589,37.8,15238,5.2,0.71,0.13,0.61,0.08,0.09,72.7,1.14,1.1639344262295082
1132,29624,2697,1.15,1.07,20902,26.0,18205,3.4,0.71,0.11,0.61,0.09,0.1,71.4,1.11,1.1639344262295082
853,23053,1991,1.14,1.07,16323,29.6,14332,3.1,0.71,0.1,0.62,0.09,0.09,70.9,1.14,1.1451612903225805
766,20371,1598,1.12,1.07,14644,35.4,13046,3.6,0.72,0.11,0.64,0.1,0.11,71.2,1.11,1.125
594,15426,1002,1.1,1.07,11313,44.1,10311,6.4,0.73,0.15,0.67,0.1,0.11,71.3,1.16,1.08955223880597
695,18671,1729,1.15,1.07,13211,31.3,11482,3.2,0.71,0.08,0.61,0.09,0.1,70.9,1.06,1.1639344262295082
1078,28645,1449,1.07,1.07,21415,59.2,19966,3.9,0.75,0.13,0.7,0.09,0.09,68.7,1.29,1.0714285714285714
964,24883,2106,1.14,1.07,17464,45.8,15358,4.6,0.7,0.15,0.62,0.1,0.11,73.8,1.08,1.129032258064516
426,11104,711,1.1,1.07,8080,54.1,7369,3.5,0.73,0.11,0.66,0.1,0.13,71.3,1.12,1.106060606060606
948,25338,2439,1.16,1.07,17805,36.8,15366,3.2,0.7,0.1,0.61,0.09,0.1,72.5,1.06,1.1475409836065573
1999,52420,3832,1.11,1.07,38385,48.8,34553,3.0,0.73,0.12,0.66,0.08,0.08,69.5,1.09,1.106060606060606
856,22672,2039,1.14,1.07,16215,27.0,14176,2.5,0.72,0.1,0.63,0.09,0.09,71.7,1.13,1.1428571428571428
1166,30439,2245,1.11,1.07,22601,44.3,20356,3.9,0.74,0.13,0.67,0.1,0.1,71.5,1.12,1.1044776119402984
735,19506,1358,1.1,1.07,14402,46.0,13044,3.6,0.74,0.12,0.67,0.1,0.13,72.0,1.09,1.1044776119402984
1183,30912,2347,1.12,1.07,21807,52.9,19460,5.4,0.71,0.13,0.63,0.09,0.11,72.1,1.05,1.126984126984127
480,12461,655,1.08,1.07,9299,33.1,8644,1.4,0.75,0.1,0.69,0.09,0.08,67.0,1.24,1.0869565217391306
475,12189,864,1.11,1.07,8906,46.3,8042,4.5,0.73,0.14,0.66,0.1,0.11,72.2,1.09,1.106060606060606
790,20690,1485,1.11,1.07,15052,48.2,13567,4.9,0.73,0.15,0.66,0.12,0.13,73.7,1.12,1.106060606060606
746,20275,1405,1.11,1.07,14681,34.1,13276,3.1,0.72,0.09,0.65,0.1,0.11,69.9,1.15,1.1076923076923075
766,20522,1244,1.09,1.07,15005,53.8,13761,4.7,0.73,0.14,0.67,0.09,0.09,70.5,1.17,1.08955223880597
515,13210,875,1.1,1.07,9681,50.2,8806,4.7,0.73,0.14,0.67,0.1,0.1,71.7,1.12,1.08955223880597
1068,27990,1998,1.11,1.07,20217,51.2,18219,2.4,0.72,0.12,0.65,0.1,0.1,71.5,1.08,1.1076923076923075
1461,38299,2796,1.11,1.07,27614,28.9,24818,2.6,0.72,0.1,0.65,0.1,0.11,70.1,1.15,1.1076923076923075
479,12350,920,1.11,1.07,8937,33.8,8017,4.2,0.72,0.12,0.65,0.09,0.1,70.2,1.18,1.1076923076923075
1147,30237,2223,1.11,1.07,21968,46.6,19745,5.6,0.73,0.15,0.65,0.08,0.09,71.5,1.13,1.123076923076923
1259,32756,2605,1.13,1.07,23379,39.4,20774,8.8,0.71,0.17,0.63,0.08,0.09,72.3,1.09,1.126984126984127
871,22800,1316,1.08,1.07,16973,59.9,15656,3.2,0.74,0.11,0.69,0.1,0.1,70.3,1.16,1.0724637681159421
1328,34716,2476,1.11,1.07,25226,28.0,22750,2.6,0.73,0.12,0.66,0.08,0.08,69.0,1.15,1.106060606060606
402,10409,702,1.1,1.07,7690,40.4,6988,1.6,0.74,0.1,0.67,0.08,0.09,69.5,1.16,1.1044776119402984
1538,40215,3654,1.15,1.07,27904,30.8,24250,3.5,0.69,0.11,0.6,0.08,0.08,71.8,1.08,1.15
1253,32437,2141,1.1,1.07,23702,45.8,21561,3.5,0.73,0.13,0.66,0.1,0.09,71.6,1.16,1.106060606060606
967,25710,1506,1.09,1.07,18732,52.5,17226,4.7,0.73,0.13,0.67,0.09,0.1,70.6,1.17,1.08955223880597
676,17460,1311,1.12,1.07,12588,52.9,11277,3.9,0.72,0.14,0.65,0.09,0.11,71.5,1.04,1.1076923076923075
976,25052,2016,1.13,1.07,18116,46.6,16100,3.9,0.72,0.14,0.64,0.1,0.11,70.8,1.05,1.125
491,13123,854,1.1,1.07,9589,57.6,8735,3.2,0.73,0.11,0.67,0.08,0.11,70.6,1.15,1.08955223880597
655,17219,1454,1.14,1.07,12073,47.1,10619,4.5,0.7,0.12,0.62,0.1,0.1,73.3,1.04,1.129032258064516
666,17822,1223,1.11,1.07,12819,30.8,11596,2.3,0.72,0.09,0.65,0.09,0.08,69.2,1.18,1.1076923076923075
865,22846,1395,1.09,1.07,17051,55.5,15656,4.3,0.75,0.15,0.69,0.11,0.11,71.7,1.22,1.0869565217391306
794,20588,1444,1.11,1.07,14776,51.2,13332,3.2,0.72,0.13,0.65,0.1,0.11,71.7,1.05,1.1076923076923075
872,22547,1412,1.1,1.07,16149,60.9,14737,3.6,0.72,0.13,0.65,0.1,0.1,72.0,1.15,1.1076923076923075
913,23620,1521,1.1,1.07,17368,41.9,15847,3.1,0.74,0.16,0.67,0.11,0.1,72.8,1.13,1.1044776119402984
656,17484,1484,1.14,1.06,12148,38.6,10664,3.6,0.69,0.1,0.61,0.1,0.11,72.5,1.01,1.1311475409836065
399,10276,556,1.08,1.06,7677,46.5,7121,4.4,0.75,0.15,0.69,0.09,0.1,69.9,1.15,1.0869565217391306
1548,41527,2472,1.09,1.06,30062,29.3,27589,1.6,0.72,0.09,0.66,0.08,0.09,68.7,1.15,1.0909090909090908
1197,30537,1457,1.07,1.06,22986,51.0,21529,3.8,0.75,0.17,0.71,0.12,0.1,72.7,1.28,1.0563380281690142
852,21778,1380,1.1,1.06,15793,48.9,14413,5.2,0.73,0.15,0.66,0.1,0.1,71.4,1.11,1.106060606060606
403,10503,763,1.11,1.06,7530,50.7,6767,3.8,0.72,0.12,0.64,0.09,0.12,71.7,1.09,1.125
986,25998,1488,1.09,1.06,18853,49.4,17365,4.3,0.73,0.15,0.67,0.11,0.11,72.1,1.18,1.08955223880597
1464,37933,2745,1.11,1.06,28022,41.2,25277,2.7,0.74,0.12,0.67,0.06,0.07,67.8,1.0,1.1044776119402984
1057,27637,1982,1.11,1.06,19475,38.1,17493,3.7,0.7,0.1,0.63,0.09,0.1,69.9,1.1,1.111111111111111
420,11153,806,1.11,1.06,7855,68.4,7049,4.4,0.7,0.11,0.63,0.09,0.1,72.0,1.12,1.111111111111111
1645,43845,2140,1.07,1.06,32404,50.0,30264,3.6,0.74,0.13,0.69,0.1,0.1,70.4,1.15,1.0724637681159421
947,24917,1718,1.11,1.06,17902,55.1,16184,3.9,0.72,0.13,0.65,0.09,0.11,71.5,1.07,1.1076923076923075
393,10502,548,1.08,1.06,7736,50.7,7188,3.7,0.74,0.12,0.68,0.09,0.1,70.8,1.08,1.088235294117647
523,13867,679,1.07,1.06,10108,59.4,9429,2.9,0.73,0.13,0.68,0.1,0.11,71.8,1.15,1.0735294117647058
646,16727,1090,1.1,1.06,11723,51.5,10633,3.6,0.7,0.13,0.64,0.1,0.11,72.4,1.04,1.09375
1047,27129,2458,1.15,1.06,18365,24.8,15907,2.7,0.68,0.11,0.59,0.09,0.09,73.1,0.95,1.152542372881356
581,15327,787,1.08,1.06,11087,53.6,10300,5.2,0.72,0.14,0.67,0.09,0.1,70.3,1.15,1.0746268656716418
512,13404,869,1.1,1.06,9496,55.3,8627,3.6,0.71,0.12,0.64,0.1,0.11,72.9,1.06,1.109375
977,25766,1341,1.08,1.06,18522,37.3,17181,3.6,0.72,0.12,0.67,0.09,0.1,69.5,1.12,1.0746268656716418
1175,31236,2062,1.1,1.06,22108,36.0,20046,4.6,0.71,0.11,0.64,0.09,0.08,69.9,1.15,1.109375
1311,34560,1609,1.07,1.06,25460,47.4,23851,4.9,0.74,0.14,0.69,0.09,0.09,70.0,1.14,1.0724637681159421
718,18208,1227,1.1,1.06,12952,43.9,11725,4.1,0.71,0.13,0.64,0.09,0.09,71.2,1.11,1.109375
452,11472,657,1.09,1.06,8271,28.9,7614,2.9,0.72,0.12,0.66,0.08,0.09,68.9,1.14,1.0909090909090908
1560,40776,2696,1.1,1.06,29037,46.6,26340,4.4,0.71,0.13,0.65,0.09,0.08,69.3,1.01,1.0923076923076922
525,13434,369,1.04,1.06,10096,62.9,9727,4.8,0.75,0.12,0.72,0.11,0.11,68.8,1.2,1.0416666666666667
1231,32586,2160,1.1,1.05,22808,51.0,20648,4.4,0.7,0.13,0.63,0.1,0.11,73.3,1.02,1.111111111111111
897,23347,1689,1.12,1.05,16191,31.9,14502,3.3,0.69,0.12,0.62,0.1,0.1,70.8,1.14,1.1129032258064515
633,17036,650,1.05,1.05,12649,46.4,11999,4.8,0.74,0.15,0.7,0.09,0.09,69.7,1.22,1.0571428571428572
614,16301,1143,1.11,1.05,11529,48.3,10386,4.3,0.71,0.12,0.64,0.1,0.1,71.6,1.08,1.109375
1745,46592,2994,1.1,1.05,33560,43.0,30566,7.4,0.72,0.16,0.66,0.09,0.09,71.3,1.12,1.0909090909090908
775,20957,1121,1.08,1.05,15028,52.1,13902,4.2,0.72,0.13,0.66,0.08,0.08,70.7,1.07,1.0909090909090908
768,19801,871,1.06,1.05,14489,56.8,13618,3.6,0.73,0.14,0.69,0.1,0.1,71.1,1.11,1.0579710144927537
763,20486,842,1.06,1.05,15153,48.7,14311,3.7,0.74,0.13,0.7,0.09,0.09,69.9,1.17,1.0571428571428572
1906,50299,1566,1.04,1.05,36872,48.9,35306,8.1,0.73,0.16,0.7,0.09,0.09,69.5,1.24,1.042857142857143
870,22834,1402,1.09,1.05,16229,55.5,14827,3.6,0.71,0.12,0.65,0.1,0.11,72.1,1.06,1.0923076923076922
555,14146,585,1.06,1.05,10452,48.7,9867,3.9,0.74,0.13,0.7,0.1,0.1,69.3,1.21,1.0571428571428572
1077,29055,1848,1.1,1.05,20281,42.5,18433,4.5,0.7,0.13,0.63,0.08,0.1,72.4,1.05,1.111111111111111
1930,50719,2512,1.07,1.05,37047,36.6,34535,4.0,0.73,0.14,0.68,0.08,0.08,67.6,1.16,1.0735294117647058
425,11070,553,1.07,1.05,8110,33.8,7557,1.5,0.73,0.1,0.68,0.07,0.08,67.2,1.2,1.0735294117647058
799,21344,1033,1.07,1.05,15351,55.3,14318,4.5,0.72,0.13,0.67,0.11,0.12,71.2,1.12,1.0746268656716418
500,12856,691,1.08,1.05,9305,49.4,8614,3.8,0.72,0.17,0.67,0.13,0.12,73.8,1.14,1.0746268656716418
1745,45680,2884,1.1,1.05,31980,41.0,29096,3.1,0.7,0.12,0.64,0.09,0.1,70.1,1.02,1.09375
1489,39475,2484,1.1,1.05,28048,28.0,25564,4.0,0.71,0.11,0.65,0.08,0.09,69.7,1.13,1.0923076923076922
532,14210,416,1.04,1.05,10762,57.2,10346,5.3,0.76,0.13,0.73,0.1,0.1,68.7,1.17,1.0410958904109588
870,22901,783,1.05,1.05,16450,47.9,15667,3.6,0.72,0.13,0.68,0.12,0.13,71.7,1.11,1.0588235294117645
1054,27638,1872,1.11,1.05,19254,50.8,17382,4.2,0.7,0.13,0.63,0.1,0.11,72.6,1.04,1.111111111111111
1772,46627,3043,1.1,1.05,32732,40.8,29689,4.2,0.7,0.15,0.64,0.09,0.1,71.3,1.01,1.09375
464,12520,627,1.08,1.05,8902,31.2,8275,3.2,0.71,0.1,0.66,0.1,0.11,69.3,1.1,1.0757575757575757
653,17182,604,1.05,1.05,12452,46.7,11848,3.4,0.72,0.13,0.69,0.1,0.11,69.9,1.16,1.0434782608695652
1234,32625,1982,1.09,1.05,22914,56.4,20932,4.7,0.7,0.13,0.64,0.1,0.1,72.0,1.09,1.09375
953,25375,1383,1.08,1.05,17918,49.4,16535,3.4,0.71,0.11,0.65,0.1,0.1,71.7,1.06,1.0923076923076922
795,20701,1040,1.07,1.05,15002,49.8,13962,2.6,0.72,0.13,0.67,0.1,0.12,71.9,1.11,1.0746268656716418
429,11195,574,1.08,1.05,8076,31.3,7502,1.6,0.72,0.09,0.67,0.08,0.1,68.2,1.09,1.0746268656716418
941,24972,1215,1.07,1.05,17881,41.6,16666,2.7,0.72,0.15,0.67,0.11,0.11,72.5,1.13,1.0746268656716418
1088,28991,1373,1.07,1.05,21088,43.1,19715,4.0,0.73,0.14,0.68,0.1,0.1,70.6,1.14,1.0735294117647058
1008,26413,1739,1.1,1.05,18549,47.5,16810,4.5,0.7,0.13,0.64,0.09,0.11,73.1,0.97,1.09375
1058,28161,1801,1.1,1.05,19389,55.2,17588,3.7,0.69,0.11,0.62,0.08,0.1,71.6,0.98,1.1129032258064515
640,16832,1092,1.1,1.05,11650,27.4,10558,3.7,0.69,0.11,0.63,0.07,0.08,69.1,1.08,1.0952380952380951
626,16210,803,1.07,1.05,11657,46.4,10854,4.8,0.72,0.15,0.67,0.1,0.11,71.5,1.11,1.0746268656716418
1868,49019,2712,1.08,1.05,34701,42.0,31989,9.1,0.71,0.17,0.65,0.09,0.08,70.2,1.06,1.0923076923076922
527,14037,993,1.11,1.05,9766,34.7,8773,3.0,0.7,0.1,0.62,0.09,0.11,71.7,1.06,1.129032258064516
516,13467,604,1.06,1.05,9899,50.8,9295,3.7,0.74,0.14,0.69,0.08,0.1,69.7,1.05,1.0724637681159421
747,19299,925,1.07,1.05,13698,51.4,12773,6.2,0.71,0.15,0.66,0.12,0.14,72.6,1.06,1.0757575757575757
1443,38127,2478,1.1,1.05,26511,27.6,24033,4.6,0.7,0.11,0.63,0.09,0.08,70.4,1.12,1.111111111111111
771,20216,1111,1.08,1.04,14338,46.0,13227,4.6,0.71,0.13,0.65,0.08,0.09,71.1,1.06,1.0923076923076922
989,25205,1445,1.09,1.04,17507,39.7,16062,3.7,0.69,0.15,0.64,0.09,0.08,71.9,1.08,1.078125
926,23830,1348,1.09,1.04,16750,53.1,15402,5.2,0.7,0.15,0.65,0.11,0.12,72.9,1.1,1.0769230769230769
374,9836,558,1.09,1.04,6902,25.5,6344,3.6,0.7,0.1,0.64,0.1,0.1,69.6,1.11,1.09375
1519,39947,2110,1.08,1.04,28410,52.9,26300,3.9,0.71,0.14,0.66,0.09,0.1,70.1,1.1,1.0757575757575757
547,14615,806,1.09,1.04,10077,35.3,9271,5.4,0.69,0.11,0.63,0.08,0.09,69.8,1.11,1.0952380952380951
689,18214,641,1.05,1.04,13083,49.0,12442,5.3,0.72,0.15,0.68,0.11,0.13,71.6,1.14,1.0588235294117645
1049,28055,829,1.04,1.04,20194,50.8,19365,4.2,0.72,0.13,0.69,0.08,0.07,68.4,1.16,1.0434782608695652
1249,32934,1838,1.09,1.04,23087,32.5,21249,3.2,0.7,0.12,0.65,0.09,0.09,69.8,1.08,1.0769230769230769
618,15666,667,1.06,1.04,11142,41.0,10475,3.4,0.71,0.16,0.67,0.11,0.1,72.0,1.11,1.0597014925373134
809,21729,1329,1.1,1.04,15139,26.1,13810,3.9,0.7,0.11,0.64,0.08,0.09,69.7,1.11,1.09375
874,22423,1183,1.08,1.04,15892,41.7,14709,5.8,0.71,0.16,0.66,0.08,0.08,71.1,1.11,1.0757575757575757
1280,33769,1105,1.05,1.04,24647,51.6,23542,3.7,0.73,0.14,0.7,0.11,0.11,70.4,1.16,1.042857142857143
403,10328,461,1.07,1.04,7287,43.3,6826,4.5,0.71,0.13,0.66,0.11,0.1,71.4,1.06,1.0757575757575757
937,24398,1532,1.1,1.04,16611,53.9,15079,5.0,0.68,0.14,0.62,0.1,0.11,71.8,0.9,1.0967741935483872
398,10155,309,1.04,1.04,7345,56.4,7036,3.3,0.72,0.13,0.69,0.11,0.11,71.6,1.17,1.0434782608695652
2103,55469,2796,1.08,1.04,39086,36.5,36290,4.4,0.7,0.13,0.65,0.08,0.08,69.0,1.07,1.0769230769230769
607,15652,890,1.09,1.04,10950,45.5,10060,4.2,0.7,0.13,0.64,0.09,0.11,71.6,1.05,1.09375
434,11721,670,1.09,1.04,8079,40.5,7409,2.8,0.69,0.09,0.63,0.09,0.1,69.7,1.05,1.0952380952380951
540,13851,845,1.1,1.04,9678,31.1,8833,4.5,0.7,0.14,0.64,0.12,0.12,72.5,1.09,1.09375
906,23901,867,1.05,1.04,17181,51.0,16314,3.1,0.72,0.11,0.68,0.11,0.12,70.6,1.1,1.0588235294117645
644,16496,853,1.08,1.04,11678,49.7,10825,6.0,0.71,0.16,0.66,0.09,0.09,72.0,1.08,1.0757575757575757
603,16095,279,1.02,1.04,11800,50.9,11512,4.4,0.73,0.13,0.71,0.1,0.09,68.8,1.28,1.028169014084507
1683,44551,1772,1.06,1.04,31654,41.3,29882,4.9,0.71,0.14,0.67,0.09,0.09,69.8,1.1,1.0597014925373134
817,21619,963,1.07,1.04,15534,50.8,14571,5.4,0.72,0.14,0.67,0.09,0.1,70.0,1.11,1.0746268656716418
1240,32769,1988,1.1,1.04,22339,47.9,20351,3.5,0.68,0.12,0.62,0.08,0.09,72.0,1.03,1.0967741935483872
556,15093,700,1.07,1.04,10697,33.2,9997,3.4,0.71,0.1,0.66,0.09,0.09,68.8,1.09,1.0757575757575757
835,21741,1036,1.07,1.04,15394,50.7,14358,3.0,0.71,0.13,0.66,0.1,0.12,71.2,1.02,1.0757575757575757
708,17977,699,1.06,1.04,12939,52.0,12240,3.5,0.72,0.15,0.68,0.11,0.11,70.7,1.11,1.0588235294117645
498,12821,637,1.08,1.04,9085,47.3,8448,2.8,0.71,0.12,0.66,0.1,0.11,72.1,0.99,1.0757575757575757
652,17364,430,1.04,1.04,12632,51.5,12202,5.4,0.73,0.14,0.7,0.09,0.1,68.7,1.18,1.042857142857143
1180,31516,1508,1.07,1.03,21748,41.5,20240,6.5,0.69,0.14,0.64,0.1,0.1,71.5,1.06,1.078125
774,20539,1009,1.08,1.03,14255,39.7,13246,7.6,0.69,0.14,0.64,0.07,0.08,69.9,1.07,1.078125
619,15737,708,1.07,1.03,11088,49.9,10380,3.5,0.7,0.15,0.66,0.11,0.11,71.9,1.05,1.0606060606060606
439,11583,551,1.07,1.03,8169,33.5,7618,2.9,0.71,0.1,0.66,0.09,0.1,69.9,1.07,1.0757575757575757
1438,37326,1316,1.05,1.03,26620,37.8,25304,2.9,0.71,0.14,0.68,0.11,0.1,70.8,1.11,1.0441176470588234
758,19824,1181,1.1,1.03,13320,31.0,12139,2.3,0.67,0.11,0.61,0.08,0.09,70.6,1.06,1.098360655737705
576,15684,412,1.04,1.03,11046,55.0,10634,5.1,0.7,0.13,0.68,0.09,0.09,69.4,1.09,1.0294117647058822
768,20107,640,1.05,1.03,14386,54.5,13746,3.4,0.72,0.15,0.68,0.1,0.1,71.1,1.14,1.0588235294117645
1323,34821,1298,1.06,1.03,24506,49.5,23208,3.9,0.7,0.14,0.67,0.1,0.1,70.7,1.1,1.044776119402985
382,10184,684,1.11,1.03,6850,31.8,6166,4.5,0.67,0.1,0.61,0.07,0.09,70.3,1.03,1.098360655737705
480,12325,429,1.05,1.03,8697,62.1,8268,3.6,0.71,0.14,0.67,0.1,0.11,70.8,1.03,1.0597014925373134
793,20961,926,1.07,1.03,14395,52.6,13469,3.9,0.69,0.13,0.64,0.1,0.11,72.3,1.04,1.078125
855,22511,826,1.06,1.03,15585,55.3,14759,5.4,0.69,0.13,0.66,0.09,0.11,71.8,1.03,1.0454545454545454
1144,29584,928,1.05,1.03,20847,46.0,19919,3.2,0.7,0.14,0.67,0.1,0.1,70.8,1.12,1.044776119402985
623,16275,375,1.03,1.03,11748,48.4,11373,5.2,0.72,0.15,0.7,0.09,0.09,69.3,1.19,1.0285714285714287
482,12848,405,1.05,1.03,9024,54.7,8619,4.3,0.7,0.14,0.67,0.1,0.08,71.2,1.14,1.044776119402985
418,10732,384,1.05,1.03,7530,34.8,7146,3.7,0.7,0.11,0.67,0.08,0.09,68.4,1.16,1.044776119402985
538,14230,608,1.06,1.03,9999,45.8,9391,4.1,0.7,0.14,0.66,0.11,0.1,71.6,1.09,1.0606060606060606
753,19812,268,1.02,1.03,14492,45.7,14224,2.3,0.73,0.14,0.72,0.1,0.09,68.3,1.19,1.0138888888888888
377,9748,294,1.04,1.03,6994,46.5,6700,4.4,0.72,0.14,0.69,0.1,0.1,70.5,1.13,1.0434782608695652
547,14003,650,1.07,1.03,9755,34.6,9105,4.9,0.7,0.13,0.65,0.09,0.09,70.1,1.15,1.0769230769230769
548,14421,344,1.03,1.03,10494,40.5,10150,2.7,0.73,0.13,0.7,0.09,0.1,68.9,1.11,1.042857142857143
1265,33492,1417,1.06,1.03,23291,45.8,21874,4.5,0.7,0.14,0.65,0.09,0.11,71.3,1.07,1.0769230769230769
1203,32043,1945,1.1,1.03,21475,30.2,19530,4.3,0.67,0.12,0.61,0.09,0.09,71.5,1.04,1.098360655737705
387,10504,443,1.06,1.03,7353,50.7,6910,3.1,0.7,0.11,0.66,0.1,0.1,70.7,1.06,1.0606060606060606
1050,27577,1070,1.06,1.03,19778,47.9,18708,4.3,0.72,0.15,0.68,0.1,0.1,69.9,1.05,1.0588235294117645
549,14256,582,1.06,1.03,9988,34.2,9406,2.7,0.7,0.1,0.66,0.09,0.1,69.9,1.04,1.0606060606060606
694,18045,592,1.05,1.03,12635,37.8,12043,3.2,0.7,0.11,0.67,0.1,0.1,69.6,1.11,1.044776119402985
635,16721,506,1.04,1.03,11835,46.9,11329,4.3,0.71,0.15,0.68,0.11,0.12,71.7,1.08,1.0441176470588234
814,20980,617,1.04,1.03,14956,40.2,14339,2.5,0.71,0.12,0.68,0.1,0.1,70.0,1.09,1.0441176470588234
447,12013,620,1.08,1.03,8129,28.9,7509,2.5,0.68,0.1,0.63,0.08,0.08,70.5,1.01,1.0793650793650795
476,12789,637,1.08,1.03,8718,55.3,8081,4.7,0.68,0.12,0.63,0.09,0.09,71.2,1.01,1.0793650793650795
1569,41489,857,1.03,1.03,29498,56.2,28641,3.5,0.71,0.15,0.69,0.1,0.09,69.9,1.16,1.028985507246377
921,24470,849,1.05,1.03,17428,41.5,16579,5.5,0.71,0.17,0.68,0.11,0.11,72.8,1.1,1.0441176470588234
1349,35834,1458,1.06,1.03,24872,46.5,23414,4.0,0.69,0.14,0.65,0.1,0.12,71.6,1.06,1.0615384615384613
433,11725,380,1.05,1.03,8165,32.9,7785,2.3,0.7,0.09,0.66,0.09,0.09,68.5,1.1,1.0606060606060606
643,16851,550,1.05,1.03,11965,43.3,11415,2.9,0.71,0.11,0.68,0.1,0.1,69.8,1.16,1.0441176470588234
1102,29508,1165,1.06,1.03,20337,47.9,19172,3.8,0.69,0.13,0.65,0.1,0.1,71.8,1.01,1.0615384615384613
377,9918,178,1.03,1.03,7153,51.6,6975,3.2,0.72,0.13,0.7,0.1,0.1,69.2,1.13,1.0285714285714287
549,14214,492,1.05,1.03,9880,52.4,9388,3.5,0.7,0.14,0.66,0.11,0.11,72.4,1.03,1.0606060606060606
1564,41206,1170,1.04,1.03,28807,50.4,27637,4.3,0.7,0.14,0.67,0.1,0.1,69.7,1.05,1.044776119402985
423,10971,113,1.01,1.03,7988,37.9,7875,5.1,0.73,0.15,0.72,0.1,0.08,68.8,1.19,1.0138888888888888
376,9498,411,1.07,1.03,6710,41.8,6299,2.8,0.71,0.14,0.66,0.09,0.1,72.4,1.03,1.0757575757575757
655,17274,646,1.06,1.03,12087,29.8,11441,3.5,0.7,0.12,0.66,0.1,0.1,70.4,1.09,1.0606060606060606
406,10568,155,1.02,1.03,7573,52.7,7418,3.4,0.72,0.13,0.7,0.1,0.11,69.6,1.07,1.0285714285714287
1169,31054,1053,1.05,1.03,21565,53.8,20512,3.4,0.69,0.13,0.66,0.09,0.09,70.0,1.08,1.0454545454545454
1575,41834,1140,1.04,1.03,29842,54.4,28702,4.0,0.71,0.12,0.69,0.09,0.1,69.3,1.06,1.028985507246377
456,11711,380,1.05,1.03,8248,50.2,7868,3.9,0.7,0.14,0.67,0.11,0.11,71.7,1.08,1.044776119402985
629,16396,540,1.05,1.03,11628,56.0,11088,4.0,0.71,0.13,0.68,0.11,0.1,71.4,1.09,1.0441176470588234
1601,42283,1389,1.05,1.03,29497,54.5,28108,3.8,0.7,0.14,0.66,0.09,0.09,70.6,1.01,1.0606060606060606
487,13044,267,1.03,1.03,9244,45.1,8977,3.7,0.71,0.13,0.69,0.11,0.1,69.7,1.13,1.028985507246377
477,12701,186,1.02,1.03,9120,55.4,8934,4.8,0.72,0.13,0.7,0.1,0.1,69.0,1.15,1.0285714285714287
1592,41228,1019,1.04,1.02,29501,37.3,28482,4.2,0.72,0.13,0.69,0.08,0.08,66.8,1.06,1.0434782608695652
575,15453,402,1.04,1.02,10871,49.6,10469,3.7,0.7,0.13,0.68,0.09,0.1,69.7,1.09,1.0294117647058822
491,12779,320,1.04,1.02,9080,29.7,8760,2.0,0.71,0.11,0.69,0.08,0.08,68.3,1.16,1.028985507246377
1024,26554,1139,1.07,1.02,18315,29.2,17176,5.3,0.69,0.11,0.65,0.09,0.09,69.8,1.09,1.0615384615384613
483,12692,415,1.05,1.02,8814,35.3,8399,4.4,0.69,0.14,0.66,0.09,0.11,71.5,1.01,1.0454545454545454
1137,30234,703,1.03,1.02,21101,48.7,20398,4.8,0.7,0.14,0.67,0.09,0.1,68.8,1.11,1.044776119402985
1119,30068,841,1.04,1.02,20905,51.6,20064,4.7,0.7,0.14,0.67,0.09,0.09,69.0,1.11,1.044776119402985
461,12242,316,1.04,1.02,8686,50.2,8370,4.8,0.71,0.14,0.68,0.13,0.13,71.4,1.13,1.0441176470588234
478,12883,631,1.08,1.02,8764,28.8,8133,3.3,0.68,0.1,0.63,0.08,0.09,69.6,1.07,1.0793650793650795
1211,32024,1078,1.05,1.02,22111,49.4,21033,4.3,0.69,0.13,0.66,0.1,0.11,71.3,1.04,1.0454545454545454
1030,27668,1199,1.07,1.02,18691,45.2,17492,4.6,0.68,0.13,0.63,0.09,0.09,71.6,1.01,1.0793650793650795
507,13234,502,1.06,1.02,9094,25.1,8592,3.1,0.69,0.09,0.65,0.09,0.08,67.6,1.13,1.0615384615384613
505,13478,275,1.03,1.02,9375,51.7,9100,3.9,0.7,0.13,0.68,0.09,0.09,69.6,1.06,1.0294117647058822
552,14434,304,1.03,1.02,10220,27.7,9916,2.1,0.71,0.11,0.69,0.1,0.12,68.6,1.11,1.028985507246377
471,12350,324,1.04,1.02,8625,51.4,8301,3.0,0.7,0.12,0.67,0.1,0.1,69.9,1.06,1.044776119402985
2050,53613,1331,1.04,1.02,37151,53.7,35820,3.4,0.69,0.15,0.67,0.1,0.08,69.4,1.06,1.0298507462686566
1050,27280,470,1.02,1.02,19569,50.8,19099,3.2,0.72,0.14,0.7,0.11,0.1,70.5,1.18,1.0285714285714287
823,21321,825,1.06,1.02,14626,23.6,13801,2.9,0.69,0.1,0.65,0.1,0.09,68.8,1.05,1.0615384615384613
1060,28352,407,1.02,1.02,20155,49.3,19748,4.9,0.71,0.15,0.7,0.1,0.11,69.6,1.09,1.0142857142857142
1454,38215,1456,1.06,1.02,26353,47.7,24897,5.3,0.69,0.13,0.65,0.09,0.1,71.3,0.97,1.0615384615384613
522,13451,338,1.04,1.02,9507,46.6,9169,1.9,0.71,0.14,0.68,0.11,0.11,72.1,1.07,1.0441176470588234
1696,45068,1744,1.06,1.02,31019,50.2,29280,3.2,0.69,0.13,0.65,0.09,0.1,71.8,1.01,1.0615384615384613
465,12150,453,1.06,1.02,8262,27.1,7809,2.8,0.68,0.11,0.64,0.08,0.09,69.0,1.08,1.0625
1207,32000,1094,1.05,1.02,22193,43.9,21099,3.6,0.69,0.13,0.66,0.09,0.1,70.2,1.04,1.0454545454545454
707,18579,469,1.04,1.02,13040,54.9,12571,2.8,0.7,0.14,0.68,0.1,0.11,71.4,1.1,1.0294117647058822
399,10074,547,1.09,1.02,6738,26.0,6191,4.9,0.67,0.12,0.61,0.08,0.14,69.2,1.28,1.098360655737705
647,16756,643,1.06,1.02,11634,42.4,10991,4.3,0.69,0.14,0.66,0.09,0.09,71.4,1.03,1.0454545454545454
584,15180,280,1.03,1.02,10674,40.9,10394,3.3,0.7,0.16,0.68,0.09,0.09,70.2,1.13,1.0294117647058822
994,26350,872,1.05,1.02,18315,41.6,17443,4.9,0.7,0.14,0.66,0.1,0.11,71.8,1.06,1.0606060606060606
1934,50382,2364,1.08,1.02,33274,41.6,30910,6.2,0.66,0.16,0.61,0.08,0.09,72.2,0.97,1.0819672131147542
639,16594,410,1.04,1.02,11650,36.9,11240,5.1,0.7,0.12,0.68,0.09,0.09,68.3,1.04,1.0294117647058822
782,20344,1000,1.08,1.02,13495,50.7,12495,4.4,0.66,0.12,0.61,0.1,0.11,72.5,0.94,1.0819672131147542
1859,48493,1212,1.04,1.02,33791,46.3,32579,4.5,0.7,0.16,0.67,0.12,0.11,72.9,1.1,1.044776119402985
1953,51220,717,1.02,1.02,36577,51.8,35857,5.0,0.71,0.16,0.7,0.1,0.09,68.6,1.09,1.0142857142857142
538,14117,89,1.01,1.02,10281,52.0,10192,2.6,0.73,0.14,0.72,0.1,0.11,67.9,1.04,1.0138888888888888
1101,29782,358,1.02,1.02,21027,41.2,20678,4.8,0.71,0.15,0.69,0.1,0.11,70.2,1.12,1.028985507246377
489,13074,410,1.05,1.02,8954,33.7,8544,4.8,0.68,0.11,0.65,0.09,0.08,68.8,1.12,1.0461538461538462
724,19174,441,1.03,1.02,13419,48.5,12978,6.6,0.7,0.15,0.68,0.1,0.1,70.6,1.08,1.0294117647058822
456,11866,570,1.08,1.02,7922,31.4,7352,2.3,0.67,0.1,0.62,0.09,0.1,70.9,1.03,1.0806451612903227
666,17918,799,1.07,1.02,12079,29.6,11280,3.2,0.67,0.11,0.63,0.08,0.08,70.0,1.03,1.0634920634920635
585,15322,447,1.04,1.02,10747,49.1,10300,3.5,0.7,0.12,0.67,0.08,0.09,69.5,1.03,1.044776119402985
927,23986,1043,1.07,1.02,16210,29.8,15167,3.0,0.68,0.11,0.63,0.09,0.09,70.5,1.06,1.0793650793650795
832,21692,528,1.04,1.02,15092,47.0,14564,4.7,0.7,0.15,0.67,0.1,0.09,70.3,1.09,1.044776119402985
709,18569,235,1.02,1.02,13135,44.7,12900,3.2,0.71,0.14,0.69,0.1,0.1,69.9,1.06,1.028985507246377
667,17746,628,1.05,1.02,12328,45.6,11700,2.7,0.69,0.11,0.66,0.09,0.1,70.1,1.04,1.0454545454545454
617,16290,261,1.02,1.02,11498,45.7,11237,4.8,0.71,0.15,0.69,0.09,0.08,69.6,1.16,1.028985507246377
1494,39305,1336,1.05,1.02,26979,52.9,25643,4.4,0.69,0.14,0.65,0.09,0.1,71.0,1.03,1.0615384615384613
611,15973,470,1.04,1.02,11143,48.0,10673,4.7,0.7,0.14,0.67,0.1,0.12,71.5,1.02,1.044776119402985
1111,28880,1164,1.06,1.02,19347,49.6,18183,3.6,0.67,0.13,0.63,0.1,0.1,71.8,1.03,1.0634920634920635
1057,27606,523,1.03,1.02,19440,32.0,18917,3.2,0.7,0.13,0.69,0.1,0.09,68.6,1.18,1.0144927536231885
813,21021,484,1.03,1.02,14720,52.6,14236,5.0,0.7,0.15,0.68,0.1,0.1,69.5,1.01,1.0294117647058822
382,10157,328,1.05,1.02,7087,45.2,6759,4.0,0.7,0.16,0.67,0.1,0.13,71.9,1.06,1.044776119402985
412,10376,119,1.02,1.02,7419,40.4,7300,3.0,0.72,0.15,0.7,0.11,0.11,71.2,1.15,1.0285714285714287
660,17324,195,1.02,1.02,12336,51.4,12141,3.0,0.71,0.13,0.7,0.1,0.11,68.8,1.06,1.0142857142857142
461,11606,357,1.05,1.02,7976,48.3,7619,5.3,0.69,0.16,0.66,0.08,0.08,71.4,1.05,1.0454545454545454
435,11264,171,1.02,1.02,7858,44.1,7687,3.0,0.7,0.13,0.68,0.11,0.11,71.0,1.1,1.0294117647058822
1163,31088,995,1.05,1.01,21200,40.7,20205,5.6,0.68,0.13,0.65,0.1,0.09,71.6,1.04,1.0461538461538462
1727,45400,1085,1.04,1.01,31011,41.5,29926,3.3,0.68,0.11,0.66,0.1,0.08,68.9,1.02,1.0303030303030303
383,10053,85,1.01,1.01,7153,57.8,7068,3.2,0.71,0.11,0.7,0.1,0.13,69.8,1.03,1.0142857142857142
718,19257,529,1.04,1.01,13132,53.9,12603,5.1,0.68,0.14,0.65,0.1,0.11,71.4,1.0,1.0461538461538462
379,9815,123,1.02,1.01,6857,53.7,6734,4.1,0.7,0.14,0.69,0.09,0.09,70.5,1.07,1.0144927536231885
1291,33835,784,1.03,1.01,23231,35.6,22447,5.1,0.69,0.15,0.66,0.1,0.1,71.2,1.08,1.0454545454545454
420,10848,509,1.08,1.01,7099,28.5,6590,2.9,0.65,0.09,0.61,0.09,0.1,71.4,0.98,1.0655737704918034
514,13313,305,1.03,1.01,9153,44.8,8848,3.5,0.69,0.13,0.66,0.1,0.11,70.4,0.98,1.0454545454545454
577,15557,315,1.03,1.01,10655,58.9,10340,4.5,0.68,0.12,0.66,0.1,0.11,70.4,1.02,1.0303030303030303
1841,48359,1333,1.04,1.01,33745,51.6,32412,3.6,0.7,0.14,0.67,0.09,0.1,69.9,1.0,1.044776119402985
1644,43738,753,1.03,1.01,30241,42.5,29488,3.4,0.69,0.15,0.67,0.1,0.11,70.8,1.05,1.0298507462686566
403,10629,281,1.04,1.01,7365,51.3,7084,3.1,0.69,0.12,0.67,0.1,0.11,70.9,1.04,1.0298507462686566
1259,33706,220,1.01,1.01,23886,54.5,23666,5.6,0.71,0.14,0.7,0.1,0.09,68.4,1.16,1.0142857142857142
430,10986,99,1.01,1.01,7826,51.5,7727,2.9,0.71,0.13,0.7,0.09,0.1,68.9,1.07,1.0142857142857142
968,25108,192,1.01,1.01,17866,34.4,17674,3.7,0.71,0.14,0.7,0.1,0.07,68.4,1.28,1.0142857142857142
1405,37152,465,1.02,1.01,25466,63.8,25001,4.6,0.69,0.11,0.67,0.1,0.1,69.7,1.06,1.0298507462686566
743,19269,474,1.04,1.01,13159,50.7,12685,4.8,0.68,0.13,0.66,0.1,0.11,70.6,1.03,1.0303030303030303
760,19926,986,1.08,1.01,12958,46.3,11972,3.2,0.65,0.11,0.6,0.08,0.09,73.3,0.9,1.0833333333333335
566,14759,184,1.02,1.01,10359,47.5,10175,5.4,0.7,0.15,0.69,0.1,0.11,70.4,1.1,1.0144927536231885
1067,28134,945,1.05,1.01,18850,37.0,17905,4.8,0.67,0.14,0.64,0.09,0.09,70.3,1.03,1.046875
1302,34804,774,1.03,1.01,24036,51.5,23262,3.9,0.69,0.14,0.67,0.09,0.09,70.4,1.05,1.0298507462686566
807,20719,632,1.05,1.01,14179,44.4,13547,4.0,0.68,0.14,0.65,0.1,0.11,72.1,1.05,1.0461538461538462
606,16120,320,1.03,1.01,10960,53.8,10640,3.6,0.68,0.12,0.66,0.08,0.09,70.6,1.04,1.0303030303030303
1347,35837,232,1.01,1.01,25171,40.5,24939,4.2,0.7,0.15,0.7,0.08,0.08,67.8,1.15,1.0
496,12790,203,1.02,1.01,8741,34.5,8534,4.0,0.68,0.12,0.67,0.09,0.09,67.8,1.11,1.0149253731343284
597,15834,480,1.05,1.01,10605,46.0,10125,2.7,0.67,0.12,0.64,0.1,0.11,71.4,1.04,1.046875
914,23404,276,1.02,1.01,16396,50.8,16120,5.0,0.7,0.15,0.69,0.1,0.09,70.1,1.09,1.0144927536231885
810,21955,575,1.04,1.01,15083,53.5,14507,6.0,0.69,0.15,0.66,0.1,0.1,71.5,1.03,1.0454545454545454
418,10936,423,1.06,1.01,7278,31.6,6855,2.9,0.67,0.11,0.63,0.09,0.09,71.0,1.01,1.0634920634920635
572,14881,-12,1.0,1.01,10539,53.8,10551,3.8,0.71,0.14,0.71,0.11,0.1,69.6,1.14,1.0
899,23232,93,1.01,1.01,16849,42.3,16756,4.7,0.73,0.18,0.72,0.1,0.08,69.1,1.17,1.0138888888888888
671,18014,405,1.03,1.01,12110,55.5,11705,3.6,0.67,0.11,0.65,0.09,0.09,70.3,0.99,1.0307692307692309
696,18462,534,1.04,1.01,12487,47.3,11954,4.5,0.68,0.14,0.65,0.09,0.1,70.8,1.0,1.0461538461538462
493,13123,345,1.04,1.01,8883,28.3,8538,2.8,0.68,0.09,0.65,0.1,0.1,69.4,1.02,1.0461538461538462
866,23162,926,1.06,1.01,15351,44.0,14425,5.7,0.66,0.13,0.62,0.09,0.09,72.4,0.95,1.0645161290322582
756,19878,576,1.04,1.01,13406,40.4,12830,5.8,0.67,0.13,0.65,0.09,0.09,70.5,1.12,1.0307692307692309
938,24254,747,1.05,1.01,16356,26.3,15609,2.4,0.67,0.11,0.64,0.09,0.08,68.6,1.05,1.046875
490,13084,238,1.03,1.01,9112,67.1,8874,2.9,0.7,0.11,0.68,0.1,0.11,69.8,1.01,1.0294117647058822
690,17971,-8,1.0,1.01,12753,42.0,12761,3.5,0.71,0.16,0.71,0.1,0.09,69.5,1.15,1.0
462,11695,102,1.01,1.01,8333,40.3,8231,2.7,0.71,0.14,0.7,0.09,0.09,68.5,1.12,1.0142857142857142
1507,40520,736,1.03,1.01,27899,51.5,27163,2.8,0.69,0.12,0.67,0.1,0.11,70.6,0.99,1.0298507462686566
1525,39802,376,1.01,1.01,27664,49.4,27288,5.1,0.7,0.14,0.69,0.1,0.08,70.3,1.16,1.0144927536231885
855,22891,157,1.01,1.01,16112,52.8,15955,3.8,0.7,0.12,0.7,0.09,0.09,68.8,1.1,1.0
400,10511,283,1.04,1.01,7054,52.7,6771,3.8,0.67,0.12,0.64,0.1,0.13,71.7,0.94,1.046875
850,22377,520,1.04,1.01,15196,30.5,14676,2.2,0.68,0.1,0.66,0.09,0.1,68.9,1.01,1.0303030303030303
476,12737,34,1.0,1.01,8914,53.3,8880,4.4,0.7,0.13,0.7,0.1,0.08,68.6,1.12,1.0
624,15708,346,1.03,1.01,10534,48.9,10188,4.5,0.67,0.15,0.65,0.11,0.09,72.6,1.06,1.0307692307692309
892,23804,554,1.04,1.01,16101,34.0,15547,3.3,0.68,0.11,0.65,0.08,0.07,68.2,1.07,1.0461538461538462
468,12127,320,1.04,1.01,8068,29.8,7748,2.5,0.67,0.11,0.64,0.08,0.08,69.4,1.04,1.046875
1495,39250,1292,1.05,1.01,26259,51.3,24967,5.2,0.67,0.15,0.64,0.08,0.09,70.6,0.97,1.046875
750,19393,710,1.06,1.01,12827,28.8,12117,3.8,0.66,0.12,0.62,0.09,0.09,70.5,1.05,1.0645161290322582
767,20579,568,1.04,1.01,13678,39.2,13110,2.9,0.66,0.11,0.64,0.09,0.09,70.5,1.01,1.03125
1083,28153,621,1.03,1.01,18921,43.4,18300,3.5,0.67,0.13,0.65,0.1,0.11,71.4,0.98,1.0307692307692309
751,18931,487,1.04,1.01,12837,45.9,12350,4.8,0.68,0.14,0.65,0.1,0.09,70.7,1.0,1.0461538461538462
510,13490,417,1.05,1.01,9270,49.2,8853,3.5,0.69,0.14,0.66,0.08,0.09,70.9,1.0,1.0454545454545454
865,22686,310,1.02,1.01,15336,36.3,15026,3.2,0.68,0.09,0.66,0.1,0.09,67.7,1.08,1.0303030303030303
472,12038,137,1.02,1.0,8486,52.9,8349,3.4,0.7,0.14,0.69,0.1,0.11,69.6,1.04,1.0144927536231885
1871,49905,605,1.02,1.0,34615,39.7,34010,4.9,0.69,0.12,0.68,0.08,0.07,67.1,1.14,1.0147058823529411
899,23842,341,1.02,1.0,16371,27.1,16030,3.2,0.69,0.12,0.67,0.09,0.08,68.0,1.09,1.0298507462686566
401,10552,91,1.01,1.0,7289,49.5,7198,2.1,0.69,0.13,0.68,0.09,0.09,69.0,1.03,1.0147058823529411
1067,28407,772,1.04,1.0,19051,49.1,18279,2.5,0.67,0.12,0.64,0.09,0.11,71.5,0.96,1.046875
1753,46132,551,1.02,1.0,31986,45.9,31434,5.1,0.69,0.15,0.68,0.09,0.09,69.8,1.03,1.0147058823529411
832,21258,161,1.01,1.0,14589,48.8,14428,5.6,0.69,0.12,0.68,0.1,0.1,69.6,1.01,1.0147058823529411
729,19059,141,1.01,1.0,13225,52.7,13084,2.4,0.69,0.12,0.69,0.09,0.09,69.1,1.02,1.0
1369,35665,606,1.03,1.0,24080,44.4,23474,4.9,0.68,0.14,0.66,0.11,0.1,71.4,1.01,1.0303030303030303
589,15307,366,1.04,1.0,10395,52.2,10029,4.1,0.68,0.14,0.66,0.09,0.1,70.7,1.0,1.0303030303030303
473,12356,-52,0.99,1.0,8738,34.3,8790,1.8,0.71,0.09,0.71,0.1,0.1,67.0,1.15,1.0
623,16179,223,1.02,1.0,11017,26.4,10794,2.2,0.68,0.09,0.67,0.08,0.07,67.3,1.16,1.0149253731343284
1473,38787,689,1.03,1.0,26683,51.1,25994,2.9,0.69,0.13,0.67,0.09,0.09,69.3,0.98,1.0298507462686566
597,15378,31,1.0,1.0,10622,51.6,10591,4.4,0.69,0.13,0.69,0.11,0.1,70.0,1.11,1.0
526,13849,235,1.03,1.0,9427,49.8,9192,3.0,0.68,0.12,0.66,0.09,0.1,70.2,0.98,1.0303030303030303
674,17454,167,1.01,1.0,11985,46.4,11818,3.8,0.69,0.13,0.68,0.1,0.09,69.6,1.11,1.0147058823529411
1084,28593,963,1.05,1.0,18826,39.0,17863,2.7,0.66,0.11,0.62,0.09,0.1,70.7,0.95,1.0645161290322582
408,10832,122,1.02,1.0,7396,49.5,7274,5.6,0.68,0.14,0.67,0.1,0.11,70.8,1.06,1.0149253731343284
879,23516,90,1.01,1.0,16122,45.6,16032,2.7,0.69,0.13,0.68,0.09,0.09,69.6,1.07,1.0147058823529411
736,19138,-81,0.99,1.0,13273,49.8,13354,4.1,0.69,0.15,0.7,0.09,0.08,68.2,1.12,0.9857142857142857
847,22333,35,1.0,1.0,15686,47.7,15651,5.2,0.7,0.16,0.7,0.11,0.1,70.1,1.11,1.0
1302,35000,580,1.03,1.0,23468,51.9,22888,4.1,0.67,0.13,0.65,0.1,0.09,71.1,1.0,1.0307692307692309
598,15627,57,1.01,1.0,10785,54.8,10728,2.6,0.69,0.13,0.69,0.1,0.11,70.1,1.04,1.0
459,12166,5,1.0,1.0,8338,61.5,8333,6.0,0.69,0.13,0.68,0.1,0.1,69.3,1.08,1.0147058823529411
404,10342,163,1.02,1.0,7029,51.2,6866,4.3,0.68,0.15,0.66,0.1,0.1,71.4,1.02,1.0303030303030303
429,11159,-16,1.0,1.0,7851,44.2,7867,3.4,0.7,0.16,0.7,0.1,0.11,70.9,1.15,1.0
582,15218,265,1.03,1.0,10081,53.0,9816,3.5,0.66,0.1,0.65,0.09,0.1,70.0,0.92,1.0153846153846153
492,12610,33,1.0,1.0,8834,51.2,8801,3.2,0.7,0.14,0.7,0.09,0.09,69.2,1.08,1.0
2049,54181,866,1.02,1.0,36871,33.4,35995,3.4,0.68,0.12,0.66,0.07,0.07,69.0,1.06,1.0303030303030303
482,12229,54,1.01,1.0,8381,42.0,8327,4.9,0.69,0.17,0.68,0.13,0.11,72.0,1.15,1.0147058823529411
653,17335,67,1.01,1.0,11785,52.8,11718,3.6,0.68,0.13,0.68,0.11,0.11,70.3,1.06,1.0
697,18241,380,1.03,1.0,12259,35.3,11879,5.7,0.67,0.15,0.65,0.1,0.12,70.9,1.02,1.0307692307692309
531,14249,65,1.01,1.0,9463,57.9,9398,5.4,0.66,0.12,0.66,0.1,0.1,69.9,1.05,1.0
1169,30527,408,1.02,1.0,20574,52.4,20166,3.6,0.67,0.13,0.66,0.08,0.08,70.1,1.02,1.0151515151515151
1108,29419,-46,1.0,1.0,19981,51.6,20027,4.8,0.68,0.13,0.68,0.09,0.07,69.1,1.1,1.0
437,11368,127,1.02,1.0,7854,40.0,7727,2.8,0.69,0.13,0.68,0.1,0.11,69.8,0.96,1.0147058823529411
756,19801,-5,1.0,1.0,13677,56.0,13682,4.1,0.69,0.13,0.69,0.1,0.1,67.4,0.96,1.0
1087,29074,459,1.02,1.0,19543,53.4,19084,2.8,0.67,0.11,0.66,0.09,0.09,70.2,1.0,1.0151515151515151
544,13974,169,1.02,1.0,9454,50.8,9285,5.4,0.68,0.15,0.66,0.12,0.12,71.9,1.02,1.0303030303030303
886,22716,43,1.0,1.0,15788,46.8,15745,4.4,0.7,0.15,0.69,0.1,0.1,70.6,1.09,1.0144927536231885
1273,33658,339,1.02,1.0,22753,46.2,22414,6.0,0.68,0.16,0.67,0.09,0.09,70.8,1.06,1.0149253731343284
1528,41085,398,1.01,1.0,28109,45.8,27711,4.3,0.68,0.14,0.67,0.1,0.09,71.0,1.06,1.0149253731343284
379,9993,97,1.01,1.0,6788,34.0,6691,2.1,0.68,0.12,0.67,0.1,0.1,69.0,1.09,1.0149253731343284
1530,40320,445,1.02,1.0,26959,57.5,26514,5.0,0.67,0.13,0.66,0.09,0.08,70.0,0.99,1.0151515151515151
389,9930,162,1.03,1.0,6620,45.9,6458,4.4,0.67,0.14,0.65,0.09,0.08,71.1,0.96,1.0307692307692309
663,17155,81,1.01,1.0,11760,48.8,11679,4.1,0.69,0.15,0.68,0.1,0.11,71.0,1.06,1.0147058823529411
774,20247,247,1.02,1.0,13629,39.5,13382,4.6,0.67,0.13,0.66,0.09,0.08,68.8,1.1,1.0151515151515151
387,9810,211,1.03,1.0,6475,43.4,6264,5.9,0.66,0.15,0.64,0.12,0.1,72.6,1.01,1.03125
479,12857,49,1.01,1.0,8886,51.4,8837,3.4,0.69,0.12,0.69,0.09,0.1,69.2,1.01,1.0
493,12707,128,1.01,1.0,8668,49.4,8540,3.1,0.68,0.14,0.67,0.12,0.11,71.4,1.02,1.0149253731343284
738,19661,39,1.0,1.0,13293,56.5,13254,3.7,0.68,0.12,0.67,0.1,0.11,69.4,1.01,1.0149253731343284
421,11165,72,1.01,1.0,7494,49.3,7422,4.9,0.67,0.14,0.66,0.1,0.11,70.9,1.0,1.0151515151515151
609,15928,170,1.02,1.0,10800,43.6,10630,4.5,0.68,0.14,0.67,0.1,0.1,70.9,1.04,1.0149253731343284
435,11597,-127,0.98,1.0,8085,55.7,8212,4.4,0.7,0.13,0.71,0.11,0.12,68.4,1.09,0.9859154929577465
560,15011,198,1.02,1.0,10203,48.7,10005,4.8,0.68,0.13,0.67,0.09,0.1,70.1,1.02,1.0149253731343284
955,24849,54,1.0,1.0,16583,48.8,16529,4.2,0.67,0.13,0.67,0.1,0.09,70.5,1.02,1.0
773,21111,-120,0.99,0.99,14720,47.5,14848,3.7,0.7,0.13,0.7,0.1,0.1,69.1,1.07,1.0
1135,30119,180,1.01,0.99,20728,52.9,20548,4.2,0.69,0.14,0.68,0.09,0.09,68.8,1.07,1.0147058823529411
1201,31370,165,1.01,0.99,21614,50.7,21449,5.8,0.69,0.15,0.68,0.1,0.1,70.4,1.08,1.0147058823529411
848,21936,-33,1.0,0.99,15472,36.5,15505,3.1,0.71,0.14,0.71,0.1,0.1,68.6,1.02,1.0
768,20106,-232,0.98,0.99,14252,47.6,14484,4.9,0.71,0.16,0.72,0.11,0.1,69.1,1.16,0.986111111111111
483,12896,133,1.02,0.99,8580,49.6,8447,3.4,0.67,0.13,0.66,0.09,0.1,70.4,0.95,1.0151515151515151
610,16094,273,1.03,0.99,10473,57.6,10200,3.6,0.65,0.11,0.63,0.1,0.1,71.6,0.98,1.0317460317460319
1502,40013,-52,1.0,0.99,27500,48.0,27552,8.6,0.69,0.17,0.69,0.11,0.1,70.8,1.07,1.0
435,11265,103,1.01,0.99,7636,38.9,7533,2.9,0.68,0.11,0.67,0.09,0.1,68.5,1.06,1.0149253731343284
464,12098,-47,0.99,0.99,8389,53.5,8436,3.5,0.69,0.14,0.7,0.11,0.11,70.2,1.06,0.9857142857142857
1162,30750,-372,0.98,0.99,21407,47.3,21779,3.5,0.7,0.13,0.71,0.1,0.09,67.4,1.09,0.9859154929577465
1143,29624,488,1.03,0.99,19780,41.6,19292,5.0,0.67,0.15,0.65,0.08,0.09,69.0,0.96,1.0307692307692309
431,11391,3,1.0,0.99,7845,48.4,7842,5.7,0.69,0.15,0.69,0.08,0.08,68.5,1.04,1.0
436,11572,74,1.01,0.99,7860,43.3,7786,3.8,0.68,0.15,0.67,0.11,0.12,71.3,1.03,1.0149253731343284
498,13218,-23,1.0,0.99,9091,55.4,9114,3.1,0.69,0.13,0.69,0.11,0.1,70.4,1.03,1.0
647,16903,138,1.01,0.99,11278,48.9,11140,4.3,0.67,0.13,0.66,0.09,0.1,69.3,0.96,1.0151515151515151
878,23318,137,1.01,0.99,16055,32.5,15918,5.3,0.69,0.14,0.68,0.1,0.1,69.6,1.06,1.0147058823529411
381,10223,-117,0.98,0.99,7230,60.7,7347,3.9,0.71,0.12,0.72,0.11,0.1,68.2,1.14,0.986111111111111
472,12125,183,1.02,0.99,8103,40.5,7920,2.9,0.67,0.14,0.65,0.09,0.11,71.1,1.01,1.0307692307692309
876,23180,-20,1.0,0.99,15776,42.7,15796,3.9,0.68,0.13,0.68,0.09,0.09,68.2,1.07,1.0
462,12291,-78,0.99,0.99,8572,54.5,8650,4.3,0.7,0.13,0.7,0.11,0.12,69.6,1.13,1.0
1310,34466,-527,0.98,0.99,23782,52.5,24309,4.0,0.69,0.14,0.71,0.11,0.1,69.5,1.13,0.9718309859154929
523,14183,-291,0.97,0.99,10080,52.5,10371,4.4,0.71,0.14,0.73,0.1,0.1,67.4,1.14,0.9726027397260274
2169,56914,715,1.02,0.99,37971,41.4,37256,5.0,0.67,0.15,0.65,0.1,0.1,70.9,1.02,1.0307692307692309
1728,45027,-685,0.98,0.99,31392,51.3,32077,5.0,0.7,0.17,0.71,0.1,0.07,67.6,1.18,0.9859154929577465
549,14235,-305,0.97,0.99,10006,54.9,10311,2.4,0.7,0.12,0.72,0.11,0.11,68.3,1.09,0.9722222222222222
1682,44893,-727,0.98,0.99,31273,48.4,32000,3.2,0.7,0.14,0.71,0.1,0.09,69.1,1.11,0.9859154929577465
454,11841,-168,0.98,0.99,8164,61.8,8332,3.9,0.69,0.13,0.7,0.12,0.11,69.9,1.06,0.9857142857142857
1054,27996,-100,0.99,0.99,18860,58.4,18960,3.4,0.67,0.13,0.68,0.1,0.1,70.5,1.06,0.9852941176470588
398,10522,5,1.0,0.99,7051,49.0,7046,3.2,0.67,0.14,0.67,0.1,0.12,70.5,0.96,1.0
1215,32305,-378,0.98,0.99,22039,57.9,22417,4.5,0.68,0.12,0.69,0.1,0.09,69.3,1.04,0.9855072463768118
567,14684,-56,0.99,0.99,9901,42.9,9957,3.0,0.67,0.14,0.68,0.1,0.1,70.1,0.99,0.9852941176470588
1431,37517,293,1.01,0.99,25227,48.1,24934,5.5,0.67,0.15,0.66,0.08,0.08,68.2,0.95,1.0151515151515151
1057,28098,-242,0.99,0.99,19525,46.8,19734,3.3,0.69,0.14,0.7,0.09,0.09,68.3,1.07,0.9857142857142857
538,14256,59,1.01,0.99,9393,49.8,9334,5.8,0.66,0.14,0.65,0.11,0.09,72.5,1.02,1.0153846153846153
609,15688,80,1.01,0.99,10461,41.8,10381,4.6,0.67,0.13,0.66,0.1,0.09,70.8,1.05,1.0151515151515151
574,15207,-210,0.98,0.99,10410,52.6,10620,4.9,0.68,0.15,0.7,0.09,0.08,68.2,1.1,0.9714285714285715
604,15968,151,1.01,0.99,10553,30.1,10402,4.2,0.66,0.1,0.65,0.09,0.07,68.0,1.03,1.0153846153846153
964,25326,-128,0.99,0.99,16756,53.6,16884,3.6,0.66,0.12,0.67,0.1,0.1,69.8,1.01,0.9850746268656716
540,14097,-231,0.98,0.99,9723,42.6,9954,4.6,0.69,0.15,0.71,0.11,0.1,68.8,1.1,0.9718309859154929
1095,28607,-49,1.0,0.99,19488,54.3,19537,3.6,0.68,0.13,0.68,0.1,0.11,70.2,1.04,1.0
754,20232,81,1.01,0.99,13477,59.9,13396,4.4,0.67,0.11,0.66,0.1,0.1,70.0,1.0,1.0151515151515151
1642,43152,209,1.01,0.99,28596,46.4,28389,6.2,0.66,0.16,0.66,0.1,0.08,70.2,1.05,1.0
576,15041,-250,0.98,0.99,10344,44.4,10594,6.2,0.69,0.14,0.7,0.1,0.09,68.2,1.05,0.9857142857142857
893,23437,-9,1.0,0.99,15622,51.2,15631,3.0,0.67,0.13,0.67,0.12,0.12,71.6,0.98,1.0
1093,28528,-175,0.99,0.99,19524,51.5,19699,3.9,0.68,0.14,0.69,0.11,0.11,70.3,1.0,0.9855072463768118
674,17998,164,1.01,0.99,11909,51.9,11745,4.7,0.66,0.13,0.65,0.12,0.13,71.8,0.97,1.0153846153846153
447,11613,-154,0.98,0.99,7922,37.2,8076,5.9,0.68,0.18,0.7,0.1,0.09,70.5,1.1,0.9714285714285715
814,21042,-99,0.99,0.99,14279,48.1,14378,4.0,0.68,0.14,0.68,0.11,0.11,70.6,1.0,1.0
782,20288,-14,1.0,0.99,13457,46.1,13471,4.6,0.66,0.13,0.66,0.1,0.08,69.7,1.03,1.0
1048,26854,-429,0.98,0.99,18738,40.8,19167,6.6,0.7,0.17,0.71,0.11,0.08,70.4,1.19,0.9859154929577465
2071,55137,-574,0.98,0.99,37359,53.0,37933,5.2,0.68,0.14,0.69,0.1,0.09,69.5,1.09,0.9855072463768118
800,20694,-283,0.98,0.99,14126,41.3,14409,2.8,0.68,0.14,0.7,0.08,0.08,68.1,1.04,0.9714285714285715
539,14068,317,1.04,0.98,9188,30.5,8871,5.9,0.65,0.12,0.63,0.08,0.08,70.7,0.98,1.0317460317460319
1297,34380,-255,0.99,0.98,23116,56.2,23371,4.5,0.67,0.15,0.68,0.11,0.09,69.8,1.06,0.9852941176470588
427,10968,26,1.0,0.98,7396,45.7,7370,4.3,0.67,0.13,0.67,0.1,0.1,71.3,0.98,1.0
1665,42830,507,1.02,0.98,28491,46.8,27984,5.0,0.67,0.17,0.65,0.1,0.1,69.6,0.88,1.0307692307692309
998,26140,-170,0.99,0.98,17632,52.5,17802,2.3,0.67,0.13,0.68,0.1,0.09,69.2,0.97,0.9852941176470588
1767,46454,-217,0.99,0.98,31357,48.8,31574,5.3,0.68,0.15,0.68,0.08,0.07,68.5,1.05,1.0
726,18826,-62,1.0,0.98,12712,36.9,12774,5.5,0.68,0.14,0.68,0.11,0.1,69.1,1.07,1.0
376,10079,-57,0.99,0.98,6854,50.7,6911,6.4,0.68,0.15,0.69,0.11,0.11,70.5,1.03,0.9855072463768118
697,17857,-269,0.98,0.98,12192,55.1,12461,3.0,0.68,0.12,0.7,0.12,0.1,69.7,1.07,0.9714285714285715
400,10329,-166,0.98,0.98,7076,54.4,7242,4.4,0.69,0.14,0.7,0.12,0.11,70.0,1.05,0.9857142857142857
1353,35983,-34,1.0,0.98,23867,39.8,23901,6.3,0.66,0.16,0.66,0.11,0.1,71.4,1.0,1.0
807,21060,-54,1.0,0.98,13856,38.4,13910,3.5,0.66,0.13,0.66,0.1,0.11,69.8,0.98,1.0
577,15635,-29,1.0,0.98,10279,49.9,10308,5.1,0.66,0.13,0.66,0.09,0.09,69.9,0.98,1.0
946,24853,-225,0.99,0.98,16791,48.0,17016,3.9,0.68,0.13,0.68,0.1,0.1,69.9,1.06,1.0
683,18051,383,1.04,0.98,11255,46.7,10872,4.4,0.62,0.13,0.6,0.09,0.09,73.0,0.88,1.0333333333333334
397,10444,-1,1.0,0.98,7064,47.7,7065,3.4,0.68,0.13,0.68,0.09,0.11,70.3,1.02,1.0
395,10650,-196,0.97,0.98,7291,53.1,7487,3.3,0.68,0.13,0.7,0.09,0.08,68.4,1.05,0.9714285714285715
419,11175,-70,0.99,0.98,7451,52.6,7521,5.1,0.67,0.13,0.67,0.1,0.11,69.3,0.98,1.0
875,23616,-221,0.99,0.98,15684,58.2,15905,5.0,0.66,0.12,0.67,0.1,0.11,70.2,1.01,0.9850746268656716
682,17700,-229,0.98,0.98,12065,50.9,12294,3.5,0.68,0.14,0.69,0.1,0.1,69.5,1.0,0.9855072463768118
2021,53639,165,1.0,0.98,34932,40.4,34767,5.1,0.65,0.15,0.65,0.09,0.09,70.3,0.93,1.0
451,11530,-25,1.0,0.98,7596,49.1,7621,3.3,0.66,0.12,0.66,0.1,0.11,70.6,0.92,1.0
648,17287,-184,0.98,0.98,11512,54.8,11696,4.5,0.67,0.14,0.68,0.09,0.09,68.6,1.05,0.9852941176470588
407,10476,-109,0.98,0.98,7090,45.7,7199,3.6,0.68,0.14,0.69,0.09,0.1,68.3,1.04,0.9855072463768118
607,16310,-437,0.96,0.98,11294,57.3,11731,5.4,0.69,0.13,0.72,0.08,0.07,66.3,1.11,0.9583333333333333
596,15981,-108,0.99,0.98,10455,55.4,10563,4.6,0.65,0.11,0.66,0.09,0.09,68.4,0.93,0.9848484848484849
967,25003,-270,0.98,0.98,16940,45.4,17210,4.3,0.68,0.13,0.69,0.11,0.1,69.3,1.06,0.9855072463768118
1073,28421,-391,0.98,0.98,18991,41.6,19382,4.6,0.67,0.14,0.68,0.09,0.08,68.8,1.09,0.9852941176470588
727,18792,64,1.01,0.98,12295,48.2,12231,5.6,0.65,0.15,0.65,0.11,0.09,71.6,1.02,1.0
461,12256,43,1.01,0.98,7991,28.7,7948,4.3,0.65,0.1,0.65,0.09,0.09,68.8,0.97,1.0
413,10832,-248,0.97,0.98,7450,57.8,7698,3.3,0.69,0.12,0.71,0.11,0.11,68.4,1.03,0.9718309859154929
506,13559,-157,0.98,0.98,9133,49.9,9290,3.4,0.67,0.13,0.69,0.09,0.09,68.9,1.03,0.9710144927536233
628,16249,137,1.01,0.98,10397,35.6,10260,4.1,0.64,0.11,0.63,0.09,0.09,70.7,0.97,1.0158730158730158
732,18994,-110,0.99,0.98,12697,53.3,12807,3.0,0.67,0.13,0.67,0.11,0.11,69.8,0.99,1.0
1020,26614,-320,0.98,0.98,17850,48.8,18170,6.7,0.67,0.16,0.68,0.1,0.09,70.1,1.06,0.9852941176470588
860,22168,-518,0.97,0.98,15228,50.7,15746,3.7,0.69,0.14,0.71,0.09,0.08,67.8,1.13,0.9718309859154929
456,12110,86,1.01,0.98,7819,52.1,7733,5.1,0.65,0.13,0.64,0.08,0.09,70.3,0.94,1.015625
583,15410,-164,0.98,0.98,10479,42.2,10643,2.7,0.68,0.12,0.69,0.09,0.09,69.1,1.04,0.9855072463768118
1030,27376,-400,0.98,0.98,18369,58.5,18769,4.2,0.67,0.12,0.69,0.09,0.09,67.8,1.02,0.9710144927536233
659,16952,-533,0.96,0.97,11737,55.0,12270,3.6,0.69,0.13,0.72,0.11,0.1,67.6,1.11,0.9583333333333333
864,22973,-511,0.97,0.97,15729,49.3,16240,4.9,0.68,0.15,0.71,0.11,0.12,70.0,1.06,0.9577464788732396
1413,36954,-371,0.99,0.97,24435,47.3,24806,3.9,0.66,0.15,0.67,0.11,0.1,71.7,0.97,0.9850746268656716
1432,37492,-231,0.99,0.97,24610,39.6,24841,5.4,0.66,0.13,0.66,0.08,0.08,68.9,1.01,1.0
1499,39100,-617,0.98,0.97,26056,50.7,26673,2.9,0.67,0.13,0.68,0.11,0.11,70.4,0.96,0.9852941176470588
1093,28958,-236,0.99,0.97,19114,52.5,19350,4.3,0.66,0.13,0.67,0.1,0.09,70.5,1.01,0.9850746268656716
662,17680,-17,1.0,0.97,11640,44.6,11657,5.7,0.66,0.13,0.66,0.07,0.09,69.9,0.92,1.0
496,13338,84,1.01,0.97,8523,50.5,8439,4.5,0.64,0.12,0.63,0.1,0.1,71.4,0.94,1.0158730158730158
808,21520,-582,0.96,0.97,14589,54.8,15171,4.9,0.68,0.13,0.7,0.1,0.09,68.0,1.07,0.9714285714285715
479,12923,-137,0.98,0.97,8483,51.4,8620,4.0,0.66,0.13,0.67,0.1,0.12,70.3,0.96,0.9850746268656716
922,24189,-273,0.98,0.97,16152,51.0,16425,4.4,0.67,0.13,0.68,0.09,0.08,68.1,1.0,0.9852941176470588
439,11777,-67,0.99,0.97,7553,56.4,7620,4.8,0.64,0.12,0.65,0.11,0.11,71.2,0.94,0.9846153846153846
387,10295,-102,0.99,0.97,6836,49.2,6938,4.3,0.66,0.14,0.67,0.1,0.11,70.6,0.99,0.9850746268656716
1026,27320,-290,0.98,0.97,17879,50.4,18172,4.2,0.65,0.13,0.66,0.1,0.1,69.8,0.98,0.9848484848484849
1284,34707,-361,0.98,0.97,22965,53.0,23326,4.4,0.66,0.13,0.67,0.1,0.1,70.5,0.99,0.9850746268656716
403,10585,-130,0.98,0.97,6980,52.0,7110,3.6,0.66,0.13,0.67,0.09,0.1,70.0,0.98,0.9850746268656716
603,15586,-224,0.98,0.97,10456,45.5,10680,4.1,0.67,0.15,0.69,0.11,0.11,70.3,0.99,0.9710144927536233
852,22314,-145,0.99,0.97,14944,44.0,15089,2.6,0.67,0.15,0.68,0.1,0.1,70.0,0.99,0.9852941176470588
591,15136,-223,0.98,0.97,10034,42.0,10257,3.0,0.66,0.15,0.68,0.13,0.11,72.1,1.0,0.9705882352941176
397,10059,56,1.01,0.97,6410,43.9,6354,3.6,0.64,0.14,0.63,0.1,0.11,70.7,0.89,1.0158730158730158
430,11515,-241,0.97,0.97,7708,58.1,7949,3.5,0.67,0.12,0.69,0.11,0.12,68.6,1.0,0.9710144927536233
642,16858,-424,0.96,0.97,11465,42.5,11889,2.8,0.68,0.15,0.71,0.12,0.11,69.7,1.07,0.9577464788732396
636,16582,-291,0.97,0.97,11006,48.2,11297,3.7,0.66,0.13,0.68,0.1,0.09,69.2,0.99,0.9705882352941176
1507,39658,-592,0.98,0.97,26348,45.8,26940,5.4,0.66,0.15,0.68,0.08,0.07,67.2,0.97,0.9705882352941176
495,12791,-213,0.98,0.97,8516,49.1,8729,3.5,0.67,0.13,0.68,0.1,0.1,70.5,0.97,0.9852941176470588
402,10308,-311,0.96,0.97,6976,53.9,7287,2.6,0.68,0.13,0.71,0.09,0.1,68.4,1.03,0.9577464788732396
1117,29211,-425,0.98,0.97,19174,51.9,19599,4.0,0.66,0.14,0.67,0.1,0.09,70.2,1.02,0.9850746268656716
441,11654,-264,0.97,0.97,7943,42.1,8207,4.6,0.68,0.16,0.7,0.11,0.11,69.4,1.0,0.9714285714285715
426,11413,-360,0.96,0.97,7729,52.7,8089,5.6,0.68,0.14,0.71,0.1,0.09,68.6,1.11,0.9577464788732396
433,11216,-220,0.97,0.97,7380,49.1,7600,4.6,0.66,0.13,0.68,0.1,0.1,69.1,0.95,0.9705882352941176
685,18224,-407,0.97,0.97,12110,47.3,12517,7.5,0.66,0.16,0.69,0.1,0.09,69.0,1.08,0.9565217391304349
470,12703,-181,0.98,0.97,8251,52.2,8432,4.6,0.65,0.12,0.66,0.1,0.1,69.2,0.97,0.9848484848484849
935,24443,-245,0.98,0.97,15822,48.0,16067,4.7,0.65,0.14,0.66,0.1,0.1,70.4,0.93,0.9848484848484849
1075,28456,-383,0.98,0.97,18598,57.4,18981,4.3,0.65,0.13,0.67,0.1,0.09,69.9,1.0,0.9701492537313433
398,10120,-71,0.99,0.97,6618,44.2,6689,3.5,0.65,0.13,0.66,0.09,0.08,69.9,0.97,0.9848484848484849
625,16451,-241,0.98,0.97,10761,47.6,11002,3.8,0.65,0.14,0.67,0.09,0.09,68.1,0.95,0.9701492537313433
865,22664,-74,1.0,0.97,14788,40.5,14862,3.7,0.65,0.15,0.66,0.09,0.1,70.2,0.92,0.9848484848484849
1507,39489,-721,0.97,0.97,25891,43.6,26612,3.3,0.66,0.13,0.67,0.1,0.09,69.7,1.02,0.9850746268656716
646,16949,-167,0.99,0.96,11144,41.8,11311,2.8,0.66,0.12,0.67,0.08,0.08,68.8,0.89,0.9850746268656716
1282,34336,-413,0.98,0.96,22492,53.4,22901,5.8,0.65,0.13,0.67,0.09,0.09,70.1,0.95,0.9701492537313433
943,24480,-481,0.97,0.96,16073,47.0,16554,3.9,0.66,0.16,0.68,0.1,0.09,70.3,1.03,0.9705882352941176
837,22049,-388,0.97,0.96,14478,39.4,14866,2.1,0.66,0.14,0.67,0.08,0.08,68.6,0.97,0.9850746268656716
848,22505,-655,0.96,0.96,14964,51.1,15619,4.8,0.66,0.14,0.69,0.1,0.08,69.0,1.09,0.9565217391304349
1161,30130,-543,0.97,0.96,19726,41.4,20269,2.3,0.65,0.14,0.67,0.1,0.08,66.3,0.91,0.9701492537313433
475,12428,-340,0.96,0.96,8436,55.9,8776,3.3,0.68,0.13,0.71,0.1,0.1,69.2,0.99,0.9577464788732396
536,14240,-168,0.98,0.96,9154,44.2,9322,3.8,0.64,0.14,0.65,0.1,0.1,71.6,0.94,0.9846153846153846
996,26395,-289,0.98,0.96,16976,39.2,17265,8.5,0.64,0.17,0.65,0.11,0.1,71.2,1.03,0.9846153846153846
663,17364,-441,0.96,0.96,11430,49.2,11871,3.0,0.66,0.12,0.68,0.09,0.09,67.9,0.97,0.9705882352941176
647,17350,-363,0.97,0.96,11404,47.6,11767,6.0,0.66,0.14,0.68,0.1,0.1,69.7,0.99,0.9705882352941176
487,12606,-131,0.98,0.96,8154,40.5,8285,3.5,0.65,0.14,0.66,0.08,0.07,69.0,0.96,0.9848484848484849
1306,33769,-461,0.98,0.96,21727,47.5,22188,6.0,0.64,0.14,0.66,0.1,0.09,70.3,0.97,0.9696969696969697
404,10297,-204,0.97,0.96,6763,37.7,6967,6.0,0.66,0.15,0.68,0.1,0.09,70.2,1.02,0.9705882352941176
387,9900,-323,0.95,0.96,6700,46.0,7023,2.9,0.68,0.15,0.71,0.12,0.1,70.2,1.07,0.9577464788732396
430,11258,-314,0.96,0.96,7579,44.9,7893,4.4,0.67,0.15,0.7,0.1,0.1,69.2,1.02,0.9571428571428573
540,14671,-283,0.97,0.96,9637,48.9,9920,4.7,0.66,0.13,0.68,0.1,0.1,70.2,0.98,0.9705882352941176
552,14753,-167,0.98,0.96,9468,49.5,9635,3.9,0.64,0.12,0.65,0.09,0.1,69.3,0.88,0.9846153846153846
427,11471,-404,0.95,0.96,7726,46.6,8130,3.4,0.67,0.14,0.71,0.11,0.1,68.4,1.02,0.943661971830986
712,18783,-624,0.95,0.96,12206,59.0,12830,2.9,0.65,0.12,0.68,0.11,0.1,69.6,0.99,0.9558823529411764
1723,45550,-760,0.97,0.96,29167,56.1,29927,4.7,0.64,0.13,0.66,0.09,0.09,69.9,0.96,0.9696969696969697
398,10027,-299,0.96,0.96,6674,50.2,6973,3.9,0.67,0.14,0.7,0.12,0.11,68.4,0.98,0.9571428571428573
393,10252,-315,0.96,0.96,6989,54.3,7304,3.5,0.68,0.14,0.71,0.1,0.11,68.6,1.0,0.9577464788732396
583,15054,-470,0.96,0.96,10007,51.4,10477,3.6,0.66,0.14,0.7,0.11,0.1,69.7,0.99,0.942857142857143
464,12327,-448,0.95,0.96,8164,57.6,8612,7.6,0.66,0.13,0.7,0.1,0.09,67.6,1.08,0.942857142857143
1543,40703,-815,0.97,0.96,26614,45.6,27429,4.5,0.65,0.13,0.67,0.09,0.08,69.5,0.97,0.9701492537313433
395,10045,-99,0.98,0.96,6438,51.9,6537,3.2,0.64,0.12,0.65,0.11,0.11,71.4,0.9,0.9846153846153846
780,20389,-667,0.95,0.96,13682,42.7,14349,3.8,0.67,0.14,0.7,0.1,0.1,67.7,1.0,0.9571428571428573
390,10304,-326,0.95,0.96,6701,43.7,7027,3.4,0.65,0.09,0.68,0.09,0.08,66.5,1.06,0.9558823529411764
418,11095,-287,0.96,0.96,7454,44.7,7741,4.2,0.67,0.13,0.7,0.1,0.09,68.7,1.03,0.9571428571428573
408,10800,-332,0.95,0.96,6868,54.5,7200,2.8,0.64,0.11,0.67,0.12,0.11,70.6,0.95,0.9552238805970149
1050,27515,-524,0.97,0.96,17858,48.8,18382,4.9,0.65,0.14,0.67,0.08,0.08,69.3,0.99,0.9701492537313433
590,15692,-300,0.97,0.96,10091,55.2,10391,2.6,0.64,0.12,0.66,0.1,0.1,70.2,0.95,0.9696969696969697
440,11535,-468,0.94,0.96,7820,53.7,8288,3.7,0.68,0.13,0.72,0.11,0.1,68.0,1.04,0.9444444444444445
440,11570,-415,0.95,0.96,7686,50.3,8101,5.9,0.66,0.14,0.7,0.09,0.08,68.5,1.06,0.942857142857143
817,21404,-376,0.97,0.96,13649,56.2,14025,4.6,0.64,0.13,0.66,0.11,0.11,70.4,0.9,0.9696969696969697
514,13425,-71,0.99,0.96,8424,41.6,8495,4.1,0.63,0.13,0.63,0.07,0.08,70.2,0.89,1.0
631,16775,-597,0.95,0.96,11130,57.1,11727,4.6,0.66,0.13,0.7,0.11,0.09,68.7,1.03,0.942857142857143
2024,52835,-1506,0.96,0.96,34327,37.8,35851,5.8,0.65,0.16,0.68,0.09,0.08,66.7,0.92,0.9558823529411764
591,15363,-630,0.94,0.96,10261,44.7,10891,4.9,0.67,0.14,0.71,0.09,0.08,67.7,0.99,0.943661971830986
497,13376,-240,0.97,0.95,8543,44.5,8783,4.0,0.64,0.13,0.66,0.09,0.08,70.7,0.9,0.9696969696969697
1830,48692,-1848,0.95,0.95,32721,44.3,34569,3.6,0.67,0.14,0.71,0.11,0.09,68.2,1.08,0.943661971830986
649,17421,-495,0.96,0.95,11163,52.3,11658,5.0,0.64,0.13,0.67,0.12,0.11,70.7,0.99,0.9552238805970149
433,11346,-554,0.93,0.95,7438,39.8,7992,3.8,0.66,0.12,0.7,0.09,0.07,65.7,1.09,0.942857142857143
547,14700,-248,0.97,0.95,9192,52.4,9440,4.8,0.63,0.13,0.64,0.1,0.1,71.0,0.92,0.984375
455,12074,-320,0.96,0.95,7889,48.4,8209,3.1,0.65,0.12,0.68,0.1,0.09,69.9,1.02,0.9558823529411764
1039,26962,-812,0.96,0.95,17282,48.4,18094,4.7,0.64,0.14,0.67,0.12,0.11,70.7,1.0,0.9552238805970149
1957,50987,-1696,0.95,0.95,33114,47.3,34810,5.1,0.65,0.16,0.68,0.11,0.09,68.3,0.92,0.9558823529411764
501,13104,-374,0.96,0.95,8518,42.6,8892,4.0,0.65,0.14,0.68,0.1,0.09,70.3,1.0,0.9558823529411764
640,17259,-709,0.94,0.95,11382,50.6,12091,4.7,0.66,0.14,0.7,0.12,0.1,70.2,1.06,0.942857142857143
2155,56573,-1486,0.96,0.95,36859,51.3,38351,2.3,0.65,0.13,0.68,0.11,0.09,68.7,0.88,0.9558823529411764
1446,37798,-866,0.97,0.95,24382,40.8,25248,3.7,0.65,0.13,0.67,0.1,0.09,70.0,0.96,0.9701492537313433
643,17057,-588,0.95,0.95,11149,49.6,11737,3.5,0.65,0.15,0.69,0.1,0.09,69.6,1.0,0.9420289855072465
408,10641,-388,0.95,0.95,7059,53.8,7447,2.3,0.66,0.13,0.7,0.1,0.11,68.1,0.93,0.942857142857143
708,18612,-582,0.95,0.95,11948,39.5,12530,3.2,0.64,0.15,0.67,0.11,0.09,70.1,0.98,0.9552238805970149
449,11544,-457,0.94,0.95,7738,51.7,8195,2.7,0.67,0.12,0.71,0.11,0.1,69.0,1.02,0.943661971830986
554,14231,-410,0.96,0.95,9148,41.2,9558,4.2,0.64,0.14,0.67,0.11,0.1,69.7,0.96,0.9552238805970149
797,21612,-790,0.95,0.95,14187,44.9,14977,6.6,0.66,0.14,0.69,0.1,0.09,68.9,1.03,0.9565217391304349
393,10613,-397,0.95,0.95,6980,54.9,7377,4.2,0.66,0.11,0.7,0.09,0.1,66.6,0.99,0.942857142857143
763,20020,-368,0.97,0.95,12720,54.9,13088,3.9,0.64,0.14,0.65,0.1,0.09,70.8,0.93,0.9846153846153846
661,17753,-629,0.95,0.95,11329,55.3,11958,4.7,0.64,0.13,0.67,0.11,0.08,69.9,0.98,0.9552238805970149
543,14836,-779,0.93,0.95,9794,63.9,10573,5.3,0.66,0.12,0.71,0.1,0.09,68.0,1.05,0.9295774647887325
438,11779,-643,0.93,0.95,8041,54.5,8684,4.8,0.68,0.13,0.74,0.09,0.09,66.5,1.07,0.918918918918919
1726,45521,-1464,0.95,0.95,29475,43.9,30939,4.3,0.65,0.15,0.68,0.11,0.09,70.0,0.98,0.9558823529411764
585,15493,-522,0.95,0.95,10033,41.9,10555,3.8,0.65,0.14,0.68,0.1,0.09,69.7,0.91,0.9558823529411764
403,10276,-246,0.96,0.95,6648,36.3,6894,1.8,0.65,0.14,0.67,0.09,0.09,65.2,0.82,0.9701492537313433
426,11214,-471,0.94,0.95,7387,53.8,7858,3.1,0.66,0.14,0.7,0.12,0.11,68.9,1.01,0.942857142857143
507,13623,-446,0.95,0.95,8532,59.3,8978,4.2,0.63,0.11,0.66,0.1,0.08,69.9,0.96,0.9545454545454545
457,11674,-290,0.96,0.95,7360,48.7,7650,3.7,0.63,0.14,0.66,0.1,0.09,70.1,0.88,0.9545454545454545
892,23926,-1030,0.94,0.95,15577,44.8,16607,4.4,0.65,0.14,0.69,0.1,0.1,68.7,1.01,0.9420289855072465
754,19798,-849,0.94,0.94,12779,43.9,13628,2.6,0.65,0.14,0.69,0.1,0.09,68.3,0.96,0.9420289855072465
883,23271,-1025,0.94,0.94,15257,55.3,16282,5.0,0.66,0.14,0.7,0.1,0.09,69.0,1.01,0.942857142857143
432,11267,-371,0.95,0.94,7217,54.3,7588,2.8,0.64,0.12,0.67,0.08,0.09,68.5,0.89,0.9552238805970149
385,10066,-322,0.95,0.94,6351,42.5,6673,2.8,0.63,0.15,0.66,0.12,0.11,71.3,0.83,0.9545454545454545
538,13220,-40,0.99,0.94,7894,37.5,7934,6.2,0.6,0.15,0.6,0.04,0.16,72.0,1.13,1.0
1246,33181,-1301,0.94,0.94,21451,43.7,22752,5.9,0.65,0.16,0.69,0.1,0.08,69.1,1.11,0.9420289855072465
986,25705,-845,0.95,0.94,16400,47.6,17245,4.8,0.64,0.14,0.67,0.09,0.09,69.0,0.95,0.9552238805970149
1103,29449,-1056,0.95,0.94,18679,48.0,19735,4.7,0.63,0.12,0.67,0.09,0.08,68.3,0.96,0.9402985074626865
624,16235,-788,0.93,0.94,10751,36.1,11539,2.6,0.66,0.12,0.71,0.1,0.09,66.9,1.0,0.9295774647887325
745,20248,-747,0.95,0.94,12849,48.1,13596,5.2,0.63,0.13,0.67,0.1,0.09,69.8,0.96,0.9402985074626865
826,21699,-725,0.95,0.94,13828,48.6,14553,3.8,0.64,0.13,0.67,0.08,0.08,68.4,0.91,0.9552238805970149
393,10219,-437,0.94,0.94,6566,47.9,7003,5.6,0.64,0.13,0.69,0.11,0.09,68.1,0.98,0.9275362318840581
491,13172,-517,0.94,0.94,8502,51.9,9019,3.3,0.65,0.13,0.68,0.12,0.11,70.2,0.95,0.9558823529411764
593,15530,-658,0.94,0.94,10295,49.0,10953,2.2,0.66,0.13,0.71,0.1,0.1,68.9,0.92,0.9295774647887325
443,11990,-395,0.95,0.94,7423,50.1,7818,7.0,0.62,0.14,0.65,0.1,0.09,69.8,0.92,0.9538461538461538
830,22053,-168,0.99,0.94,12718,50.1,12886,5.1,0.58,0.12,0.58,0.1,0.1,73.3,0.8,1.0
882,23538,-1079,0.93,0.94,15251,42.7,16330,3.6,0.65,0.13,0.69,0.09,0.09,67.1,1.01,0.9420289855072465
422,11051,-552,0.93,0.94,7027,52.0,7579,3.8,0.64,0.13,0.69,0.12,0.11,70.3,0.94,0.9275362318840581
623,16172,-532,0.95,0.94,10221,42.5,10753,4.5,0.63,0.15,0.66,0.1,0.09,70.6,0.92,0.9545454545454545
451,11723,-545,0.93,0.94,7542,41.2,8087,3.0,0.64,0.12,0.69,0.09,0.07,66.3,0.89,0.9275362318840581
1393,36352,-1064,0.96,0.94,22665,41.5,23729,4.0,0.62,0.15,0.65,0.09,0.08,69.3,1.01,0.9538461538461538
491,12691,-496,0.94,0.94,8319,41.8,8815,3.1,0.66,0.13,0.69,0.09,0.09,68.7,0.94,0.9565217391304349
579,15033,-616,0.94,0.94,9682,43.7,10298,4.8,0.64,0.14,0.69,0.09,0.08,69.1,0.93,0.9275362318840581
447,11563,-394,0.95,0.94,7331,46.1,7725,4.4,0.63,0.14,0.67,0.11,0.11,69.9,0.91,0.9402985074626865
1025,26895,-748,0.96,0.94,16499,45.3,17247,4.1,0.61,0.13,0.64,0.09,0.09,69.7,0.88,0.953125
442,11512,-734,0.91,0.94,7723,50.3,8457,4.3,0.67,0.14,0.73,0.1,0.08,67.0,1.06,0.9178082191780823
797,20767,-500,0.96,0.94,12694,42.7,13194,5.0,0.61,0.13,0.64,0.1,0.08,70.9,0.89,0.953125
505,13254,-657,0.93,0.94,8647,46.6,9304,3.8,0.65,0.13,0.7,0.1,0.09,67.5,0.93,0.9285714285714287
1043,27804,-1301,0.93,0.93,18064,55.9,19365,4.8,0.65,0.14,0.7,0.09,0.09,67.8,1.0,0.9285714285714287
391,10173,-620,0.92,0.93,6730,42.6,7350,2.3,0.66,0.13,0.72,0.09,0.1,65.8,0.94,0.9166666666666667
1067,27762,-1223,0.94,0.93,17763,52.2,18986,5.6,0.64,0.15,0.68,0.12,0.1,71.0,0.98,0.9411764705882353
804,21453,-1029,0.93,0.93,13549,51.5,14578,6.4,0.63,0.14,0.68,0.11,0.1,70.1,0.95,0.926470588235294
453,12010,-664,0.92,0.93,7719,48.4,8383,4.0,0.64,0.14,0.7,0.1,0.1,67.6,0.96,0.9142857142857144
1209,31542,-1813,0.92,0.93,20610,54.4,22423,3.4,0.65,0.13,0.71,0.11,0.1,67.7,0.98,0.915492957746479
536,14203,-696,0.93,0.93,9201,40.6,9897,6.0,0.65,0.17,0.7,0.1,0.11,68.7,1.01,0.9285714285714287
764,20489,-1233,0.91,0.93,13302,44.5,14532,6.9,0.65,0.16,0.71,0.09,0.08,67.2,1.04,0.915492957746479
596,15590,-1057,0.91,0.93,10266,42.5,11323,5.5,0.66,0.15,0.73,0.11,0.1,67.2,1.08,0.904109589041096
929,24614,-1786,0.9,0.93,16451,47.2,18234,5.5,0.67,0.14,0.74,0.09,0.08,66.1,1.03,0.9054054054054055
381,10224,-571,0.92,0.93,6534,51.1,7105,4.6,0.64,0.12,0.69,0.1,0.1,66.9,0.95,0.9275362318840581
555,14958,-957,0.91,0.93,9650,61.5,10607,4.4,0.65,0.11,0.71,0.09,0.1,66.7,0.99,0.915492957746479
1377,35777,-1327,0.94,0.93,21773,50.2,23100,4.3,0.61,0.12,0.65,0.08,0.07,69.5,0.9,0.9384615384615385
550,14647,-696,0.93,0.92,9305,52.9,10001,2.6,0.64,0.12,0.68,0.11,0.11,69.3,0.9,0.9411764705882353
1289,33952,-1903,0.92,0.92,21364,49.2,23267,5.4,0.63,0.14,0.69,0.1,0.09,68.6,0.96,0.9130434782608696
538,14028,-625,0.93,0.92,8785,49.0,9410,4.5,0.63,0.13,0.67,0.09,0.09,68.9,0.91,0.9402985074626865
860,22588,-1190,0.92,0.92,14064,52.5,15254,5.5,0.62,0.15,0.68,0.1,0.08,69.2,0.94,0.9117647058823529
502,13113,-792,0.91,0.92,8326,39.7,9118,3.4,0.63,0.13,0.7,0.09,0.08,67.3,0.97,0.9
382,10245,-659,0.91,0.92,6548,55.3,7207,3.6,0.64,0.11,0.7,0.1,0.08,66.6,0.94,0.9142857142857144
595,15532,-809,0.92,0.92,9802,43.2,10611,3.1,0.63,0.15,0.68,0.1,0.09,69.8,0.91,0.926470588235294
1716,44836,-3251,0.9,0.92,28913,39.9,32164,3.8,0.64,0.15,0.72,0.11,0.08,67.1,1.05,0.888888888888889
743,19879,-998,0.92,0.92,12151,62.2,13149,3.9,0.61,0.12,0.66,0.1,0.08,68.8,0.9,0.9242424242424242
471,12758,-882,0.9,0.92,8076,55.2,8958,3.4,0.63,0.13,0.7,0.11,0.1,68.3,0.91,0.9
516,13234,-617,0.93,0.92,8238,49.1,8855,3.8,0.62,0.14,0.67,0.11,0.09,69.1,0.89,0.9253731343283581
650,17062,-971,0.92,0.92,10767,48.2,11738,3.2,0.63,0.14,0.69,0.1,0.09,68.4,0.94,0.9130434782608696
1405,37152,-1990,0.92,0.92,23470,43.5,25460,5.5,0.63,0.17,0.69,0.11,0.08,68.5,0.88,0.9130434782608696
514,13305,-671,0.92,0.92,8158,44.5,8829,4.5,0.61,0.15,0.66,0.1,0.09,69.8,0.88,0.9242424242424242
440,11291,-868,0.89,0.92,7277,34.9,8145,3.5,0.64,0.14,0.72,0.11,0.09,66.2,1.05,0.888888888888889
439,11340,-752,0.9,0.92,7107,41.6,7859,4.7,0.63,0.15,0.69,0.11,0.11,68.9,0.95,0.9130434782608696
1972,51662,-3456,0.9,0.91,32278,42.9,35734,5.0,0.62,0.13,0.69,0.09,0.07,66.8,0.91,0.8985507246376813
383,10178,-592,0.91,0.91,6256,47.1,6848,5.0,0.61,0.13,0.67,0.09,0.1,68.8,0.89,0.9104477611940298
734,19717,-1060,0.92,0.91,11975,51.9,13035,4.7,0.61,0.14,0.66,0.09,0.09,69.3,0.9,0.9242424242424242
1053,27584,-2026,0.9,0.91,17639,53.9,19665,5.3,0.64,0.15,0.71,0.11,0.09,67.9,0.95,0.9014084507042254
1151,30254,-1635,0.92,0.91,18341,37.1,19976,6.3,0.61,0.15,0.66,0.09,0.09,69.0,0.89,0.9242424242424242
376,9987,-838,0.88,0.91,6383,38.1,7221,3.7,0.64,0.16,0.72,0.11,0.08,67.6,1.03,0.888888888888889
869,22614,-1671,0.9,0.91,14245,49.8,15916,4.6,0.63,0.14,0.7,0.09,0.08,66.6,0.93,0.9
414,10880,-664,0.91,0.91,6787,55.0,7451,3.0,0.62,0.14,0.68,0.11,0.1,68.3,0.89,0.9117647058823529
383,9929,-742,0.9,0.91,6329,51.8,7071,2.6,0.64,0.14,0.71,0.08,0.07,66.3,0.98,0.9014084507042254
794,20857,-1715,0.89,0.91,13258,51.8,14973,3.2,0.64,0.13,0.72,0.08,0.07,65.3,0.95,0.888888888888889
476,12674,-943,0.89,0.91,7931,52.1,8874,4.5,0.63,0.13,0.7,0.1,0.1,67.4,0.93,0.9
1267,33681,-2108,0.91,0.9,20522,47.9,22630,6.1,0.61,0.16,0.67,0.11,0.09,69.2,0.87,0.9104477611940298
1858,48588,-3407,0.9,0.9,29419,36.7,32826,5.4,0.61,0.14,0.68,0.1,0.08,67.9,0.88,0.8970588235294117
1163,30802,-2009,0.9,0.9,18176,49.2,20185,5.3,0.59,0.13,0.66,0.1,0.09,69.5,0.87,0.8939393939393938
910,23752,-1737,0.89,0.9,14572,46.7,16309,5.1,0.61,0.14,0.69,0.11,0.09,69.3,0.92,0.8840579710144928
729,19205,-1467,0.89,0.9,11789,52.5,13256,4.9,0.61,0.13,0.69,0.09,0.07,67.1,0.91,0.8840579710144928
611,16017,-1233,0.89,0.9,9791,49.8,11024,5.1,0.61,0.15,0.69,0.11,0.1,68.6,0.89,0.8840579710144928
553,14608,-978,0.9,0.9,8771,41.1,9749,4.3,0.6,0.15,0.67,0.1,0.09,69.4,0.86,0.8955223880597014
642,16554,-1046,0.91,0.9,9990,42.9,11036,3.3,0.6,0.15,0.67,0.1,0.07,70.6,0.87,0.8955223880597014
894,23450,-1802,0.89,0.9,14410,41.8,16212,4.4,0.61,0.14,0.69,0.08,0.07,66.1,0.9,0.8840579710144928
872,23212,-2006,0.88,0.9,14225,53.5,16231,5.4,0.61,0.14,0.7,0.1,0.09,67.2,0.92,0.8714285714285714
881,23964,-1709,0.9,0.9,14608,38.8,16317,5.4,0.61,0.12,0.68,0.1,0.09,68.2,0.89,0.8970588235294117
435,11715,-1074,0.87,0.9,7370,40.1,8444,5.6,0.63,0.15,0.72,0.11,0.08,67.1,1.03,0.875
953,25080,-1794,0.89,0.89,15287,45.9,17081,4.1,0.61,0.14,0.68,0.1,0.08,68.9,0.85,0.8970588235294117
415,10974,-974,0.88,0.89,6837,42.7,7811,2.6,0.62,0.14,0.71,0.08,0.08,65.6,0.96,0.8732394366197184
542,14411,-1193,0.88,0.89,8657,53.5,9850,3.8,0.6,0.15,0.68,0.11,0.09,69.9,0.94,0.8823529411764705
437,11092,-1064,0.87,0.89,6904,51.7,7968,2.4,0.62,0.14,0.72,0.11,0.09,67.0,1.0,0.8611111111111112
500,13349,-1069,0.88,0.89,8093,52.2,9162,6.5,0.61,0.14,0.69,0.1,0.09,68.5,0.88,0.8840579710144928
1199,31403,-2267,0.89,0.89,18722,45.8,20989,4.0,0.6,0.14,0.67,0.09,0.08,65.9,0.86,0.8955223880597014
435,11470,-978,0.88,0.89,7017,53.3,7995,4.3,0.61,0.14,0.7,0.1,0.08,68.0,0.93,0.8714285714285714
905,24046,-2454,0.86,0.88,14695,46.5,17149,6.9,0.61,0.14,0.71,0.1,0.08,66.3,0.95,0.8591549295774649
775,20411,-1581,0.88,0.88,11962,37.1,13543,3.6,0.59,0.11,0.66,0.09,0.08,67.7,0.84,0.8939393939393938
463,11937,-1263,0.85,0.88,7418,44.7,8680,4.0,0.62,0.14,0.73,0.1,0.08,66.4,0.92,0.8493150684931507
532,13939,-1196,0.87,0.88,8176,49.5,9372,3.7,0.59,0.12,0.67,0.1,0.09,68.6,0.84,0.880597014925373
374,9620,-1105,0.85,0.88,6071,47.0,7176,5.0,0.63,0.15,0.75,0.12,0.09,66.5,0.98,0.84
713,18391,-1629,0.87,0.88,10904,40.2,12533,4.8,0.59,0.14,0.68,0.11,0.08,68.0,0.87,0.8676470588235293
1075,28101,-2364,0.87,0.88,16274,40.2,18638,4.4,0.58,0.14,0.66,0.1,0.07,69.6,0.83,0.8787878787878787
1066,27341,-2008,0.88,0.88,15322,49.9,17330,4.4,0.56,0.13,0.63,0.11,0.1,71.6,0.76,0.888888888888889
395,10074,-1047,0.86,0.87,6257,47.4,7304,3.7,0.62,0.15,0.73,0.11,0.08,67.4,0.97,0.8493150684931507
767,20594,-1977,0.86,0.87,12296,41.8,14273,7.6,0.6,0.17,0.69,0.14,0.09,69.8,0.98,0.8695652173913044
801,20959,-2342,0.85,0.87,12969,38.0,15311,5.8,0.62,0.15,0.73,0.1,0.08,65.5,0.98,0.8493150684931507
603,16182,-1737,0.85,0.87,9764,47.1,11501,4.0,0.6,0.12,0.71,0.1,0.09,66.5,0.91,0.8450704225352113
786,20907,-2132,0.85,0.87,12188,49.7,14320,5.9,0.58,0.13,0.68,0.09,0.08,66.8,0.87,0.8529411764705881
605,15797,-1593,0.85,0.86,9243,41.8,10836,3.4,0.59,0.14,0.69,0.11,0.08,69.0,0.85,0.855072463768116
688,18180,-1735,0.86,0.86,10263,47.3,11998,3.0,0.56,0.12,0.66,0.1,0.08,69.2,0.8,0.8484848484848485
400,10494,-1101,0.85,0.86,6122,51.3,7223,3.9,0.58,0.16,0.69,0.12,0.08,66.8,0.91,0.8405797101449275
380,9970,-1149,0.84,0.85,5863,35.9,7012,5.1,0.59,0.16,0.7,0.09,0.09,67.3,0.82,0.8428571428571429
975,25707,-2811,0.84,0.85,14445,48.5,17256,6.0,0.56,0.13,0.67,0.1,0.08,68.3,0.84,0.8358208955223881
445,11663,-1313,0.83,0.85,6638,49.6,7951,3.2,0.57,0.12,0.68,0.11,0.09,67.7,0.78,0.838235294117647
377,9498,-1285,0.81,0.84,5586,49.5,6871,2.6,0.59,0.13,0.72,0.11,0.07,64.9,0.7,0.8194444444444444
599,15675,-2251,0.8,0.84,9147,53.5,11398,4.0,0.58,0.13,0.73,0.1,0.07,64.6,0.91,0.7945205479452054
899,23232,-3408,0.8,0.83,13472,41.9,16880,2.6,0.58,0.16,0.73,0.1,0.07,64.6,0.84,0.7945205479452054
455,11976,-1736,0.8,0.82,6753,48.2,8489,6.6,0.56,0.14,0.71,0.11,0.09,66.3,0.85,0.7887323943661972
1578,41153,-6238,0.78,0.81,22470,48.7,28708,4.5,0.55,0.14,0.7,0.11,0.09,66.8,0.8,0.7857142857142858
384,10185,-1927,0.74,0.78,5579,47.9,7506,4.7,0.55,0.14,0.74,0.09,0.06,63.3,0.81,0.7432432432432433
410,10602,-1962,0.74,0.77,5530,44.3,7492,3.6,0.52,0.12,0.71,0.09,0.08,64.3,0.72,0.7323943661971831
